0,1,2,3,4,5,6,7,8,9,10,11,12,13,__table_index__,14,15
,,,,,,,,,資料統計至114年11月30日,,,,,0,,
,,,,,,,容積獎勵項目及額度(%)-依核准函為準,,,,,,,0,,
案件,,,,,,,,,,,,時程,,0,,
,基地面積(㎡)行政區,地段地號,門牌地址,備註,核准日期,4結,5基,6耐,8智,9無,10捐,,,0,,
數,,,,,,原容大於法,,,7綠,,,+規,,0,,
,,,,,,構評,地退,震設,慧建,障礙,贈公,,總獎勵額度,0,,
,,,,,容3,,,建築,,,,模獎,,0,,
,,,,,,估,縮,計,築,設計,設地,,,0,,
,,,,,,,,,,,,勵,,0,,
1,1283.11 北投區,溫泉段四小段292地號等土地,臺北市北投區大興街,,107/7/6,6,8,6,6,4,,10,40,0,,
2,361 中山區,正義段一小段293地號等土地,臺北市中山區長安東路一段,,107/8/13,6,8,4,62,4,,10,40,0,,
3,784 大同區,大同段二小段212地號等土地,臺北市大同區民權西路,,107/8/29,8,10,6,,,,10,34,0,,
4,861 文山區,木柵段一小段194地號等土地,臺北市文山區指南路一段,,107/11/14,8,8,,,,,10,26,0,,
5,259 大安區,龍泉段三小段971地號等土地,臺北市大安區羅斯福路三段,,107/11/22,6,,,,,,10,16,0,,
6,526 大安區,龍泉段三小段966地號等土地,臺北市大安區羅斯福路三段,,107/11/22,6,,,,,,10,16,0,,
7,867 北投區,開明段三小段192地號等土地,臺北市北投區大屯路,,107/12/22,6,8,2,,3,,10,29,0,,
8,3937 中正區,南海段四小段86地號等土地,臺北市中正區羅斯福路一段,南門市場,108/1/710,10,,,,,,10,30,0,,
9,576.67 士林區,芝蘭段一小段320地號等土地,臺北市士林區德行東路,,108/2/11,8,8,4,6,4,,10,40,0,,
10,385 北投區,開明段二小段233地號等土地,臺北市北投區中和街,,108/2/13,8,,,,,,10,18,0,,
11,232 北投區,開明段二小段239地號等土地,臺北市北投區中和街,,108/2/27,8,,,,,,10,18,0,,
12,242.74 士林區,華岡段一小段304地號等土地,臺北市士林區大亨路,,108/3/18,6,,,,,,10,16,0,,
13,345 北投區,振興段一小段515地號等土地,臺北市北投區榮華一路,,108/3/19,8,8,4,62,,,10,40,0,,
,,,,,,,容積獎勵項目及額度(%)-依核准函為準,,,,,,,1,,
案件,,,,,,,,,,,,,時程,1,,
,基地面積(㎡)行政區,地段地號門牌地址,備註,核准日期,,4結,5基,6耐,,8智,9無,10捐,,1,,
數,,,,,原容大於法,,,,7綠,,,,+規,1,,
,,,,,,構評,地退,震設,,慧建,障礙,贈公,,1,總獎勵額度,
,,,,,容3,,,,建築,,,,模獎,1,,
,,,,,,估,縮,計,,築,設計,設地,,1,,
,,,,,,,,,,,,,勵,1,,
14,327 中山區,吉林段四小段481地號等土地臺北市中山區新生北路二段,失其效力,108/3/19,,8,8,2,6,4,3,,10,1,40,
15,1347 南港區,南港段四小段173地號等土地臺北市南港區興南街,,108/3/25,,8,8,4,6,,,,10,1,36,
16,634 中山區,榮星段三小段563-2地號等土地 臺北市中山區龍江路,,108/3/27,,8,8,4,8,,3,,10,1,40,
17,88 中山區,長安段一小段421地號等土地臺北市中山區松江路,,108/3/28,,6,,,,,,,10,1,16,
18,339 大安區,復興段二小段41地號等土地臺北市大安區大安路一段,,108/3/28,,8,8,2,6,,,,10,1,34,
,,,台北馥敦,,,,,,,,,,,1,161.58%,
19,1994 松山區,西松段二小段722地號等土地臺北市松山區南京東路五段,,108/3/29,3221.93,8,,10,6,6,,,10,1,,
,,,飯店,,,,,,,,,,,1,原容1.15,
20,510 士林區,光華段一小段538地號等土地臺北市士林區美德街,,108/4/15,,8,8,2,8,6,,,10,1,40,
21,723.59 大安區,龍泉段一小段309-1地號等土地 臺北市大安區雲和街,,108/4/16,,6,8,4,6,6,,,10,1,40,
22,471 南港區,新光段二小段278-35地號等土地 臺北市南港區成福路,,108/4/23,,8,10,2,6,4,,,10,1,40,
,,,,,,,,,,,,,,1,182.28%,
23,1255.19 中山區,長春段三小段286地號等土地臺北市中山區長春路,六福客棧,108/4/23,10061.91,8,,10,6,,,,10,1,,
,,,,,,,,,,,,,,1,原容1.15,
24,564 士林區,福林段三小段134-2地號等土地 臺北市士林區福志路,,108/4/29,,6,8,4,6,6,,,10,1,40,
25,358 大安區,懷生段三小段214地號等土地臺北市大安區忠孝東路三段,,108/5/14,,6,,10,,,,,10,1,26,
26,4818 內湖區,潭美段一小段484地號等土地臺北市內湖區安康路,,108/5/14,,8,10,10,6,,,,10,1,40,
27,957 大安區,懷生段三小段442地號等土地臺北市大安區新生南路一段,,108/5/16,,6,8,4,6,6,,,10,1,40,
數,,,,,原容大於法,,,7綠,,,,+規,,2,,
,,,,,構評,地退,震設,,慧建,障礙,贈公,,總獎勵額度,2,,
,,,,,容3,,,建築,,,,模獎,,2,,
,,,,,估,縮,計,,築,設計,設地,,,2,,
,,,,,,,,,,,,勵,,2,,
28,921 中山區,長安段一小段700地號等土地,臺北市中山區南京東路三段,108/5/17,8,8,4,6,,4,,10,40,2,,
29,281 中正區,臨沂段二小段225地號等土地,臺北市中正區新生南路一段,108/5/21,8,,6,,,,,10,24,2,,
30,209 北投區,溫泉段一小段186地號等土地,臺北市北投區溫泉路,108/5/22,8,,4,4,,,,10,26,2,,
31,413 大同區,雙連段一小段263地號等土地,臺北市大同區承德路二段,108/5/24,8,8,2,4,4,3,,10,39,2,,
32,4747 內湖區,潭美段三小段711地號等土地,臺北市內湖區新明路,108/5/24,6,10,10,6,,,,10,40,2,,
,,,,上海商業,,,,,,,,,,2,,
33,2333.05 中山區,中山段一小段823-1地號等土地 臺北市中山區民權東路一段,,108/5/27,8,,10,6,,,,10,34,2,,
,,,,儲蓄銀行,,,,,,,,,,2,,
34,2039 內湖區,潭美段三小段554地號等土地,臺北市內湖區新明路,108/6/6,6,10,10,6,,,,10,39.66,2,,
35,971 萬華區,直興段三小段200地號等土地,臺北市萬華區西昌街,108/6/6,8,10,6,,,,5,10,39,2,,
36,704 內湖區,潭美段四小段352地號等土地,臺北市內湖區新明路,108/6/10,7.66,10,4,8,,,,10,39.66,2,,
37,334 萬華區,萬華段一小段541地號等土地,臺北市萬華區昆明街,108/6/13,8,,2,,,,,10,20,2,,
38,906 中山區,中山段一小段175地號等土地,臺北市中山區雙城街,108/6/13,8,,2,6,,,,10,26,2,,
39,468 大同區,延平段二小段50地號等土地,臺北市大同區民權西路,108/6/14,8,,10,6,4,3,,10,40,2,,
40,160 大同區,大同段二小段608地號等土地,臺北市大同區蘭州街,108/6/14,8,,,,,,,10,18,2,,
41,1279 內湖區,碧湖段二小段216地號等土地,臺北市內湖區內湖路二段,108/6/14,8,,,,,,,10,18,2,,
數,,,,,,原容大於法,,,7綠,,,,+規,3,,
,,,,,,構評,地退,震設,,慧建,障礙,贈公,,3,總獎勵額度,
,,,,,容3,,,,建築,,,,模獎,3,,
,,,,,,估,縮,計,,築,設計,設地,,3,,
,,,,,,,,,,,,,勵,3,,
42,523 內湖區,碧湖段一小段737地號等土地,臺北市內湖區內湖路三段,,108/6/17,8,,4,6,,4,,10,3,32,
43,1178 大安區,學府段三小段34地號等土地,臺北市大安區和平東路二段,,108/6/17,7.04,8,4,6,6,,,10,3,40,
44,957 萬華區,漢中段二小段255地號等土地,臺北市萬華區貴陽街二段,,108/6/17,8,,,,,,,10,3,18,
45,245 北投區,開明段一小段62地號等土地,臺北市北投區復興三路,,108/6/25,8,,,,,,,10,3,18,
46,579 中山區,中山段二小段102地號等土地,臺北市中山區撫順街,失其效力,108/6/25,8,,10,,,,,10,3,28,
47,159 中山區,中山段三小段271地號等土地,臺北市中山區中山北路二段,,108/7/5,8,,2,6,6,,,10,3,32,
48,449 中正區,城中段二小段497地號等土地,臺北市中正區永綏街,,108/7/8,8,,,,,,,10,3,18,
49,506 士林區,陽明段一小段759-2地號等土地 臺北市士林區文林路,,,108/7/11,8,,4,6,6,4,,10,3,38,
50,104 大同區,雙連段三小段80地號等土地,臺北市大同區承德路二段,,108/7/11,8,,2,,,,,10,3,20,
51,703 大安區,懷生段一小段198地號等土地,臺北市大安區市民大道三段,,108/7/17,8,8,2,8,,4,,10,3,40,
52,393.86 大同區,市府段二小段367地號等土地,臺北市大同區長安西路,,108/7/23,8,,2,4,,,,10,3,24,
53,278 松山區,敦化段三小段193地號等土地,臺北市松山區八德路二段,,108/7/26,8,8,4,6,,3,1,10,3,40,
54,1047 萬華區,雙園段一小段282-1地號等土地 臺北市萬華區西園路二段,,失其效力,108/7/31,6,10,4,6,,4,,10,3,40,
55,390 大同區,延平段一小段502地號等土地,臺北市大同區保安街,,108/7/31,8,,,,,,,10,3,18,
,,,,,,,,容積獎勵項目及額度(%)-依核准函為準,,,,,,4,,
案件,,,,,,,,,,,,,,4,時程,
,基地面積(㎡)行政區,地段地號,門牌地址,備註,核准日期,,4結,5基,6耐,,8智,9無,10捐,4,,
數,,,,,,原容大於法,,,,7綠,,,,4,+規,
,,,,,,,構評,地退,震設,,慧建,障礙,贈公,4,,總獎勵額度
,,,,,,容3,,,,建築,,,,4,模獎,
,,,,,,,估,縮,計,,築,設計,設地,4,,
,,,,,,,,,,,,,,4,勵,
56,178 信義區,永吉段二小段605地號等土地,臺北市信義區永吉路,,108/8/1,10,8,,4,4,,,,4,10,36
57,100 士林區,福順段一小段92地號等土地,臺北市士林區重慶北路四段,,108/8/2,10,8,,4,4,,4,,4,10,40
58,503 中正區,公園段二小段592地號等土地,臺北市中正區重慶南路一段,失其效力,108/8/2,,8,,4,,,,,4,10,22
,,,,,,,,,,,,,,4,,70.7%
59,1127 松山區,美仁段一小段712地號等土地,臺北市松山區敦化北路,,108/8/5,3621.63,8,10,2,6,6,,,4,10,
,,,,,,,,,,,,,,4,,原容1.15
60,416 大同區,橋北段三小段899地號等土地,臺北市大同區環河北路二段,,108/8/21,,6,8,4,,6,4,,4,10,38
61,758 中山區,中山段四小段42地號等土地,臺北市中山區中山北路二段,,108/8/21,,8,8,2,6,,3,,4,10,37
62,1237.7 北投區,開明段一小段60地號等土地,臺北市北投區復興四路,失其效力,108/8/23,,8,8,4,6,,4,,4,10,40
63,507.75 信義區,吳興段二小段394地號等土地,臺北市信義區吳興街,失其效力,108/8/28,,8,8,2,6,6,,,4,10,40
64,349 士林區,天山段一小段510地號等土地,臺北市士林區中山北路七段,,108/8/28,,6,8,2,6,,3,,4,10,35
65,385.9 士林區,華岡段一小段178地號等土地,臺北市士林區大亨路,,108/8/28,,8,,,,,,,4,10,18
66,985 北投區,文林段五小段312地號等土地,臺北市北投區承德路七段,,108/8/29,,8,8,4,8,,3,,4,10,40
67,255 大安區,懷生段一小段134地號等土地,臺北市大安區復興南路一段,,108/8/30,,8,,2,4,,,,4,10,24
68,468 中正區,臨沂段一小段314地號等土地,臺北市中正區臨沂街,,108/9/2,10,6,8,2,4,,,,4,10,40
69,280 大安區,龍泉段三小段671地號等土地,臺北市大安區浦城街,,108/9/2,10,6,,2,2,,,,4,10,30
,,,,,,,,容積獎勵項目及額度(%)-依核准函為準,,,,,,5,,
案件,,,,,,,,,,,,,,5,時程,
,基地面積(㎡)行政區,地段地號,門牌地址,備註,核准日期,,4結,5基,6耐,,8智,9無,10捐,5,,
數,,,,,,原容大於法,,,,7綠,,,,5,+規,
,,,,,,,構評,地退,震設,,慧建,障礙,贈公,5,,總獎勵額度
,,,,,,容3,,,,建築,,,,5,模獎,
,,,,,,,估,縮,計,,築,設計,設地,5,,
,,,,,,,,,,,,,,5,勵,
70,524 中山區,長安段四小段8地號等土地,臺北市中山區建國北路一段,宣美飯店,108/9/3,,8,,10,6,6,,,5,2,32
71,536 中正區,永昌段三小段291-2地號等土地 臺北市中正區詔安街,,,108/9/6,,8,8,2,6,6,,,5,10,40
72,401 大同區,延平段三小段443地號等土地,臺北市大同區延平北路二段,,108/9/6,,6,,,,,,,5,10,16
73,779 中正區,公園段二小段604地號等土地,臺北市中正區懷寧街,失其效力,108/9/6,,8,8,10,6,,,,5,10,40
74,295 中正區,臨沂段四小段294地號等土地,臺北市中正區仁愛路二段,失其效力,108/9/6,,8,,4,8,6,3,,5,10,39
75,101 中山區,中山段二小段159地號等土地,臺北市中山區天祥路,,108/9/16,,8,,4,6,,,,5,10,28
76,326.99 士林區,華岡段一小段262地號等土地,臺北市士林區大亨路,,108/9/16,,6,,,,,,,5,10,16
77,1004 文山區,興安段三小段106地號等土地,臺北市文山區景華街,,108/9/18,,6,8,6,8,,3,,5,10,40
78,663 松山區,寶清段七小段298地號等土地,臺北市松山鎮饒河街,,108/9/18,,8,,4,6,,,,5,10,28
79,354 中山區,長安段一小段56-1地號等土地,臺北市中山區南京東路三段,,108/9/18,,8,,10,6,6,,,5,10,40
80,569 文山區,木柵段一小段659地號等土地,臺北市文山區木柵路三段,,108/9/26,,8,8,2,6,6,,,5,10,40
81,299 大同區,雙連段一小段629地號等土地,臺北市大同區承德路二段,,108/10/1,,6,8,6,6,,4,,5,10,40
82,996 中山區,中山段一小段533地號等土地,臺北市中山區雙城街,,108/10/1,,8,10,2,6,6,,,5,10,40
83,198 中正區,臨沂段三小段239地號等土地,臺北市中正區臨沂街,失其效力,108/10/5,,8,,,,,,,5,10,18
數,,,,,,原容大於法,,,,7綠,,,,6,+規,
,,,,,,,構評,地退,震設,,慧建,障礙,贈公,6,,總獎勵額度
,,,,,,容3,,,,建築,,,,6,模獎,
,,,,,,,估,縮,計,,築,設計,設地,6,,
,,,,,,,,,,,,,,6,勵,
84,209 松山區,美仁段二小段616地號等土地,臺北市松山區南京東路四段,,108/10/5,10,8,,2,6,4,,,6,10,40
85,1590 內湖區,潭美段四小段344地號等土地,臺北市內湖區新明路,,108/10/7,,8,8,4,8,,3,,6,10,40
86,327 內湖區,康寧段一小段246地號等土地,臺北市內湖區大湖街,,108/10/8,,8,10,6,4,2,,,6,10,40
87,580.22 文山區,華興段四小段789地號等土地,臺北市文山區試院路,失其效力,108/10/9,,6,8,4,6,,4,,6,10,38
88,645 松山區,寶清段四小段67地號等土地,臺北市松山區南京東路五段,,108/10/9,,8,8,2,6,6,,,6,10,40
89,815 南港區,玉成段三小段600-1地號等土地 臺北市南港區中坡北路,,,108/10/18,,8,8,4,6,,4,,6,10,40
90,256 士林區,蘭雅段一小段123地號等土地,臺北市士林區克強路,,108/10/30,,6,,2,,,,,6,10,18
91,299 中正區,中正段二小段294地號等土地,臺北市中正區信義路二段,,108/11/5,,8,8,4,6,4,,,6,10,40
92,170 中正區,河堤段六小段218地號等土地,臺北市中正區同安街,,108/11/7,10,8,,2,2,,,,6,10,32
93,310 北投區,新民段三小段66地號等土地,臺北市北投區翠嶺路,,108/11/14,,8,8,6,6,2,,,6,10,40
94,379 文山區,木柵段二小段720地號等土地,臺北市文山區指南路一段,,108/11/18,,8,,2,8,6,3,,6,10,37
95,918 中正區,河堤段二小段143地號等土地,臺北市中正區南昌路二段,,108/11/18,,8,,2,6,,,,6,10,26
96,1187 中正區,臨沂段三小段2地號等土地,臺北市中正區新生南路一段,失其效力,108/11/18,,8,8,10,6,,,,6,10,40
97,490 大安區,懷生段三小段17地號等土地,臺北市大安區新生北路一段,,108/11/21,,8,8,10,4,,,,6,10,40
數,,,,,,原容大於法,,,,7綠,,,,7,+規,
,,,,,,,構評,地退,震設,,慧建,障礙,贈公,7,,總獎勵額度
,,,,,,容3,,,,建築,,,,7,模獎,
,,,,,,,估,縮,計,,築,設計,設地,7,,
,,,,,,,,,,,,,,7,勵,
,,,,,,,,,,,,,,7,,154.02%
98,1168 士林區,三玉段一小段219地號等土地,臺北市士林區士東路,,108/11/22,753.68,8,8,10,6,,,,7,10,
,,,,,,,,,,,,,,7,,原容1.15
99,978 文山區,景美段五小段536地號等土地,臺北市文山區景後街,,108/11/22,,8,,2,6,,,,7,10,26
,,,,,,,,,,,,,,7,,390%
100,1304 松山區,敦化段一小段440地號等土地,臺北市松山區敦化北路,,108/11/27,4167.15,8,8,2,6,,,,7,10,
,,,,,,,,,,,,,,7,,原容1.15
101,820 士林區,永新段二小段547地號等土地,臺北市士林區延平北路六段,失其效力,108/11/27,,8,10,2,6,6,,,7,10,40
102,308 大安區,金華段三小段543地號等土地,臺北市大安區杭州南路二段,,108/11/27,,8,,6,8,6,3,,7,10,40
103,300 內湖區,康寧段一小段354地號等土地,臺北市內湖區大湖街,,108/11/28,,6,8,4,6,6,,,7,10,40
104,239 大安區,仁愛段三小段457地號等土地,臺北市大安區信義路四段,,108/11/28,,8,,,,,,,7,10,18
105,217 萬華區,雙園段三小段422地號等土地,臺北市萬華區西園路二段,,108/11/28,,8,,2,4,,,,7,10,24
106,264 大安區,仁愛段三小段405地號等土地,臺北市大安區信義路四段,,108/11/28,,8,,2,6,6,3,,7,10,35
107,435 信義區,犁和段三小段240-1地號等土地 臺北市信義區和平東路三段,,,108/12/6,,8,,10,6,6,,,7,10,40
108,1203 士林區,天母段一小段264地號等土地,臺北市士林區中山北路六段,,108/12/11,10,8,10,2,,,,,7,10,40
109,320 中山區,正義段一小段341地號等土地,臺北市中山區林森北路,,108/12/24,,8,,2,6,6,3,,7,10,35
110,826 大同區,大龍段三小段323-9地號等土地 臺北市大同區承德路三段,,,108/12/24,,8,8,,,,,,7,10,26
111,590 中正區,河堤段五小段411地號等土地,臺北市中正區廈門街,,108/12/27,,8,8,4,6,,4,,7,10,40
,,,,,,,,容積獎勵項目及額度(%)-依核准函為準,,,,,,8,,
案件,,,,,,,,,,,,,,8,時程,
,基地面積(㎡)行政區,地段地號,門牌地址,備註,核准日期,,4結,5基,6耐,,8智,9無,10捐,8,,
數,,,,,,原容大於法,,,,7綠,,,,8,+規,
,,,,,,,構評,地退,震設,,慧建,障礙,贈公,8,,總獎勵額度
,,,,,,容3,,,,建築,,,,8,模獎,
,,,,,,,估,縮,計,,築,設計,設地,8,,
,,,,,,,,,,,,,,8,勵,
112,587 萬華區,莒光段二小段289-4地號等土地 臺北市萬華區艋舺大道,,,108/12/30,,8,10,6,6,,,,8,10,40
113,337 中山區,長安段四小段412地號等土地,臺北市中山區松江路,,109/1/7,,6,,4,8,6,,,8,10,34
114,395 北投區,奇岩段二小段32地號等土地,臺北市北投區公舘路,,109/1/9,,8,8,6,6,2,,,8,10,40
115,462 中山區,正義段三小段543地號等土地,臺北市中山區中山北路一段,,109/1/13,,8,8,4,6,,4,,8,10,40
116,913 士林區,天母段一小段246地號等土地,臺北市士林區中山北路六段,,109/1/15,,6,10,2,6,6,,,8,10,40
117,1909 大安區,瑞安段三小段406地號等土地,臺北市大安區瑞安街,,109/1/16,,8,10,2,6,,,5,8,10,40
118,373 士林區,陽明段二小段519地號等土地,臺北市士林區文林路,,109/1/17,,8,,4,6,6,4,,8,10,38
119,293 內湖區,康寧段一小段371地號等土地,臺北市內湖區大湖街,,109/1/17,,6,8,2,6,4,,,8,10,36
120,1653 萬華區,福星段二小段674地號等土地,臺北市萬華區武昌街二段,日新戲院,109/1/22,,8,,10,8,,,5,8,10,40
121,198.62 士林區,三玉段四小段206地號等土地,臺北市士林區中山北路六段,,109/2/3,,8,,2,4,4,3,,8,10,31
122,967 士林區,福林段三小段599地號等土地,臺北市士林區中山北路五段,,109/2/3,,8,,2,6,,4,,8,10,30
123,556 大同區,大同段二小段522地號等土地,臺北市大同區蘭州街,,109/2/4,,8,,,,,,,8,10,18
124,344 大同區,大龍段二小段30地號等土地,臺北市大同區敦煌路,,109/2/12,,8,8,10,4,,,,8,10,40
125,376 松山區,寶清段七小段478地號等土地,臺北市松山區饒河街,,109/2/14,,8,,2,,,,,8,10,20
,,,,,,,,容積獎勵項目及額度(%)-依核准函為準,,,,,,9,,
案件,,,,,,,,,,,,,,9,時程,
,基地面積(㎡)行政區,地段地號,門牌地址,備註,核准日期,,4結,5基,6耐,,8智,9無,10捐,9,,
數,,,,,,原容大於法,,,,7綠,,,,9,+規,
,,,,,,,構評,地退,震設,,慧建,障礙,贈公,9,,總獎勵額度
,,,,,,容3,,,,建築,,,,9,模獎,
,,,,,,,估,縮,計,,築,設計,設地,9,,
,,,,,,,,,,,,,,9,勵,
126,477 萬華區,漢中段一小段58地號等土地,臺北市萬華區漢中街,,109/2/21,,8,,2,2,,,,9,10,22
127,440 北投區,溫泉段二小段247地號等土地,臺北市北投區民族街,,109/2/21,,8,10,2,,6,4,,9,10,40
128,255 中正區,河堤段五小段148地號等土地,臺北市中正區廈門街,,109/2/21,,8,,2,4,,,,9,8,22
129,131 北投區,奇岩段三小段544地號等土地,臺北市北投區公舘路,,109/2/21,,8,,,,,,,9,10,18
130,741 大安區,龍泉段二小段817-5地號等土地 臺北市大安區泰順街,,,109/2/24,,8,8,4,6,6,,,9,10,40
131,347 中山區,吉林段三小段320地號等土地,臺北市中山區錦州街,,109/2/26,,8,8,10,4,,,,9,8.5,38.5
132,1665 文山區,華興段四小段21-4地號等土地,臺北市文山區和興路,,109/2/26,,8,8,2,8,4,,,9,10,40
133,504 內湖區,康寧段一小段148地號等土地,臺北市內湖區大湖山莊街,,109/3/2,,6,8,4,6,,3,,9,10,37
134,1026 大安區,金華段二小段244地號等土地,臺北市大安區青田街,,109/3/3,,6,8,2,6,6,3,,9,10,40
135,1187 北投區,振興段一小段361地號等土地,臺北市北投區榮華二路,,109/3/9,,8,8,4,6,,4,,9,10,40
136,367 信義區,吳興段三小段58地號等土地,臺北市信義區祥雲街,,109/3/10,,8,8,2,6,4,3,,9,10,40
137,304 信義區,吳興段三小段52地號等土地,臺北市信義區祥雲街,,109/3/11,,6,8,4,2,,,,9,10,30
138,378 中山區,長安段三小段590地號等土地,臺北市中山區松江路,,109/3/11,,6,8,4,6,2,4,,9,10,40
139,1666.29 士林區,三玉段二小段631地號等土地,臺北市士林區士東路,,109/3/11,,8,8,2,6,6,,,9,10,40
數,,,,,,原容大於法,,,7綠,,,,+規,10,,
,,,,,,構評,地退,震設,,慧建,障礙,贈公,,10,總獎勵額度,
,,,,,容3,,,,建築,,,,模獎,10,,
,,,,,,估,縮,計,,築,設計,設地,,10,,
,,,,,,,,,,,,,勵,10,,
140,776 中山區,中山段三小段181地號等土地,臺北市中山區中山北路二段,,109/3/13,8,,4,6,6,,,10,10,34,
141,538 大同區,大同段一小段495地號等土地,臺北市大同區大龍街,,109/3/20,8,8,2,6,6,,,10,10,40,
142,841 中山區,中山段二小段102地號等土地,臺北市中山區撫順街,,109/3/23,8,,10,,,,,10,10,28,
143,391.21 北投區,行義段四小段402地號等土地,臺北市北投區石牌路二段,,109/3/27,8,8,4,6,2,,,10,10,38,
144,504 文山區,華興段三小段109-1地號等土地 臺北市文山區辛亥路七段,,,109/4/1,8,8,4,6,,4,,10,10,40,
145,312 松山區,寶清段七小段541地號等土地,臺北市松山區八德路四段,,109/4/4,8,,2,4,,,,10,10,24,
,,,,,,,,,,,,,,10,327.76%,
146,193 中正區,南海段五小段8地號等土地,臺北市中正區博愛路,,109/4/6554.4,8,,,,,,,10,10,,
,,,,,,,,,,,,,,10,原容1.15,
147,663 松山區,敦化段二小段503地號等土地,臺北市松山區復興北路,,109/4/710,8,8,4,,,,,10,10,40,
148,146 北投區,振興段三小段442地號等土地,臺北市北投區裕民六路,失其效力,109/4/8,6,,4,6,4,3,,10,10,33,
149,414 中山區,中山段四小段326地號等土地,臺北市中山區中山北路二段,失其效力,109/4/10,8,,2,,,,,10,10,20,
,,,,,,,,,,,,,,10,405.64%,
150,506 中正區,臨沂段三小段487地號等土地,臺北市中正區臨沂街,,109/4/10,1733.748,,10,,,,,10,10,,
,,,,,,,,,,,,,,10,原容1.15,
151,396 中正區,公園段二小段343地號等土地,臺北市中正區懷寧街,,109/4/10,8,,10,,,,,10,10,28,
152,300 中山區,長安段二小段335地號等土地,臺北市中山區八德路二段,,109/4/13,8,8,2,6,6,,,10,10,40,
153,421 士林區,芝山段二小段399地號等土地,臺北市士林區忠誠路一段,,109/4/13,8,10,2,6,4,,,10,10,40,
,,,,,,,,容積獎勵項目及額度(%)-依核准函為準,,,,,,11,,
案件,,,,,,,,,,,,,,11,時程,
,基地面積(㎡)行政區,地段地號,門牌地址,備註,核准日期,,4結,5基,6耐,,8智,9無,10捐,11,,
數,,,,,,原容大於法,,,,7綠,,,,11,+規,
,,,,,,,構評,地退,震設,,慧建,障礙,贈公,11,,總獎勵額度
,,,,,,容3,,,,建築,,,,11,模獎,
,,,,,,,估,縮,計,,築,設計,設地,11,,
,,,,,,,,,,,,,,11,勵,
154,190 中正區,臨沂段一小段488-1地號等土地 臺北市中正區齊東街,,,109/4/14,,8,,2,10,10,,,11,10,40
155,936 北投區,文林段五小段47地號等土地,臺北市北投區石牌路一段,,109/4/16,,8,8,2,6,6,,,11,10,40
,,,,,,,,,,,,,,11,,366.92%
156,171 中正區,河堤段三小段67地號等土地,臺北市中正區晉江街,,109/4/20,512.15,8,,4,6,2,,,11,10,
,,,,,,,,,,,,,,11,,原容1.15
,,,,,,,,,,,,,,11,,425.54%
157,323 中正區,南海段一小段710地號等土地,臺北市中正區金華街,失其效力,109/4/21,1132.03,8,8,2,6,,,,11,10,
,,,,,,,,,,,,,,11,,原容1.15
158,533 士林區,天母段二小段76地號等土地,臺北市士林區天玉街,,109/4/24,,6,10,2,6,6,,,11,10,40
159,570 中正區,中正段一小段232地號等土地,臺北市中正區丹陽街,,109/4/27,,6,8,10,6,,,,11,10,40
160,304 士林區,光華段二小段479-1地號等土地 臺北市士林區中正路,,,109/4/30,,8,,2,,,,,11,10,20
161,162 大同區,玉泉段一小段193地號等土地,臺北市大同區天水路,,109/4/30,,8,,4,,,,,11,10,22
162,491 士林區,天母段一小段189地號等土地,臺北市士林區中山北路六段,,109/4/30,,8,8,10,4,,,,11,10,40
163,662 北投區,奇岩段一小段101地號等土地,臺北市北投區公館路,,109/5/4,,8,8,2,6,6,,,11,10,40
164,487 中山區,中山段三小段727地號等土地,臺北市中山區中山北路二段,,109/5/4,,6,,10,6,6,,,11,10,38
165,351 士林區,百齡段四小段324地號等土地,臺北市士林區福港街,,109/5/7,,8,,2,4,,,,11,10,24
166,243 中山區,中山段四小段21地號等土地,臺北市中山區中山北路二段,,109/5/7,,8,,2,6,6,3,,11,10,35
167,362 士林區,天母段二小段173地號等土地,臺北市士林區天玉街,昰美飯店,109/5/8,,8,8,10,4,6,,,11,10,40
,,,,,,,容積獎勵項目及額度(%)-依核准函為準,,,,,,,12,,
案件,,,,,,,,,,,,,時程,12,,
,基地面積(㎡)行政區,地段地號門牌地址,備註,核准日期,,4結,5基,6耐,,8智,9無,10捐,,12,,
數,,,,,原容大於法,,,,7綠,,,,+規,12,,
,,,,,,構評,地退,震設,,慧建,障礙,贈公,,12,總獎勵額度,
,,,,,容3,,,,建築,,,,模獎,12,,
,,,,,,估,縮,計,,築,設計,設地,,12,,
,,,,,,,,,,,,,勵,12,,
168,720 萬華區,萬大段二小段570地號等土地臺北市萬華區萬大路,,109/5/14,,8,,,,,,,10,12,18,
169,456.5 士林區,天母段四小段471-1地號等土地 臺北市士林區中山北路七段,,109/5/14,,8,8,4,6,,4,,10,12,40,
170,1146 大同區,延平段三小段396地號等土地臺北市大同區民樂街,,109/5/15,,8,,10,6,6,4,,10,12,40,
171,525 大同區,橋北段三小段654地號等土地臺北市大同區延平北路三段,龍雲寺,109/5/19,,8,10,,,,,,10,12,28,
172,629 松山區,美仁段一小段450地號等土地臺北市松山區南京東路四段,,109/5/19,,8,,2,6,,4,,10,12,30,
173,416 北投區,秀山段二小段343地號等土地臺北市北投區杏林三路,,109/5/20,,6,8,2,2,,,,10,12,28,
174,357 南港區,南港段一小段1224地號等土地臺北市南港區興中路,失其效力,109/5/20,,8,,4,,,,,10,12,22,
175,540 中正區,南海段五小段506-2地號等土地 臺北市中正區愛國西路,,109/5/22,,6,10,2,6,6,,,10,12,40,
176,191 內湖區,碧湖段三小段100地號等土地臺北市內湖區內湖路二段,,109/5/29,,8,,2,4,6,,,10,12,30,
177,3841.1 北投區,新民段四小段213-7地號等土地 臺北市北投區幽雅路,失其效力,109/5/29,,8,8,4,6,,,,10,12,36,
178,1715.68 南港區,中南段二小段608地號等土地臺北市南港區福山街,,109/5/29,,8,8,2,6,6,,,10,12,40,
179,100 大同區,玉泉段二小段305地號等土地臺北市大同區延平北路一段,,109/5/29,,8,,,,,,,10,12,18,
,,,,,,,,,,,,,,12,72.42%,
180,783 中山區,長安段三小段733地號等土地臺北市中山區吉林路,,109/5/29,2605.81,8,8,2,6,,,,10,12,,
,,,,,,,,,,,,,,12,原容1.15,
181,223 文山區,興泰段一小段251地號等土地臺北市文山區辛亥路四段,失其效力,109/6/1,,8,,,,,,,10,12,18,
,,,,,,,,容積獎勵項目及額度(%)-依核准函為準,,,,,,13,,
案件,,,,,,,,,,,,,,13,時程,
,基地面積(㎡)行政區,地段地號,門牌地址,備註,核准日期,,4結,5基,6耐,,8智,9無,10捐,13,,
數,,,,,,原容大於法,,,,7綠,,,,13,+規,
,,,,,,,構評,地退,震設,,慧建,障礙,贈公,13,,總獎勵額度
,,,,,,容3,,,,建築,,,,13,模獎,
,,,,,,,估,縮,計,,築,設計,設地,13,,
,,,,,,,,,,,,,,13,勵,
182,254 中正區,南海段一小段276地號等土地,臺北市中正區杭州南路二段,失其效力,109/6/2,,8,,,,,,,13,10,18
183,186 萬華區,直興段一小段69地號等土地,臺北市萬華區康定路,,109/6/2,,8,,,,,,,13,10,18
184,285 內湖區,碧湖段二小段193-3地號等土地 臺北市內湖區二段,,,109/6/2,,8,,4,6,,3,,13,10,31
185,440 大安區,懷生段四小段547地號等土地,臺北市大安區新生南路一段,,109/6/2,,8,8,2,6,6,,,13,10,40
186,412 文山區,博嘉段三小段871地號等土地,臺北市文山區和平東路四段,,109/6/3,,6,,10,6,4,3,,13,10,39
187,208 信義區,福德段一小段381地號等土地,臺北市信義區忠孝東路五段,,109/6/3,,8,,4,6,4,,,13,10,32
188,669 北投區,溫泉段四小段500地號等土地,臺北市北投區清江路,,109/6/3,,8,10,2,6,,4,,13,10,40
189,238 中正區,臨沂段一小段469地號等土地,臺北市中正區杭州南路一段,,109/6/3,,6,,4,6,6,,,13,10,32
190,248 北投區,開明段二小段248地號等土地,臺北市北投區雙全街,失其效力,109/6/3,,8,,,6,6,,,13,10,30
191,427 信義區,三興段一小段1043地號等土地,臺北市信義區基隆路二段,,109/6/5,,8,,4,4,,,,13,10,26
192,1194 中山區,正義段二小段315地號等土地,臺北市中山區林森北路,,109/6/5,,8,8,4,6,,3,,13,10,39
193,201 士林區,三玉段五小段620地號等土地,臺北市士林區中山北路六段,失其效力,109/6/5,,8,,4,,,,,13,10,22
194,359 大同區,橋北段一小段98地號等土地,臺北市大同區重慶北路三段,,109/6/8,,8,,10,6,6,,,13,10,40
195,367 中山區,長安段三小段570地號等土地,臺北市中山區松江路,,109/6/8,,6,8,4,6,4,3,,13,10,40
,,,,,,,,容積獎勵項目及額度(%)-依核准函為準,,,,,,14,,
案件,,,,,,,,,,,,,,14,時程,
,基地面積(㎡)行政區,地段地號,門牌地址,備註,核准日期,,4結,5基,6耐,,8智,9無,10捐,14,,
數,,,,,,原容大於法,,,,7綠,,,,14,+規,
,,,,,,,構評,地退,震設,,慧建,障礙,贈公,14,,總獎勵額度
,,,,,,容3,,,,建築,,,,14,模獎,
,,,,,,,估,縮,計,,築,設計,設地,14,,
,,,,,,,,,,,,,,14,勵,
196,339.26 士林區,光華段一小段193地號等土地,臺北市士林區中正路,,109/6/8,,8,8,2,8,,3,,14,10,39
197,259 萬華區,漢中段一小段706地號等土地,臺北市萬華區昆明街,,109/6/8,,8,,2,4,,3,,14,10,27
198,550 松山區,美仁段二小段621地號等土地,臺北市松山區南京東路四段,,109/6/11,,8,8,2,6,6,,,14,10,40
199,591 北投區,溫泉段四小段236地號等土地,臺北市北投區新市街,,109/6/11,,8,,2,8,,4,,14,10,32
200,650 中山區,吉林段四小段481地號等土地,臺北市中山區新生北路二段,,109/6/12,,8,8,2,6,6,,,14,10,40
201,653 北投區,溫泉段三小段415地號等土地,臺北市北投區公館路,,109/6/12,,8,8,2,6,,3,,14,10,37
202,753 萬華區,莒光段三小段11地號等土地,臺北市萬華區艋舺大道,,109/6/12,,8,8,6,8,,,,14,10,40
203,2211 大同區,雙連段三小段810地號等土地,臺北市大同區民生西路,,109/6/12,,8,,6,8,8,,,14,10,40
204,418 大安區,金華段二小段506地號等土地,臺北市大安區金華街,,109/6/12,,8,8,6,6,2,,,14,10,40
205,896 士林區,天山段一小段292地號等土地,臺北市士林區中山北路七段,,109/6/12,,8,8,2,,,,,14,10,28
206,183.55 內湖區,碧湖段二小段732地號等土地,臺北市內湖區內湖路二段~,,109/6/12,,8,,2,4,,,,14,10,24
207,390 松山區,美仁段二小段362地號等土地,臺北市松山區南京東路四段,,109/6/12,,8,8,6,6,4,,,14,10,40
208,242 北投區,奇岩段二小段100地號等土地,臺北市北投區公館路,,109/6/16,,8,,4,4,,,,14,10,26
209,597 中山區,吉林段三小段258地號等土地,臺北市中山區新生北路二段,,109/6/16,,8,8,2,6,6,,,14,10,40
,,,,,,,,容積獎勵項目及額度(%)-依核准函為準,,,,,,15,,
案件,,,,,,,,,,,,,,15,時程,
,基地面積(㎡)行政區,地段地號,門牌地址,備註,核准日期,,4結,5基,6耐,,8智,9無,10捐,15,,
數,,,,,,原容大於法,,,,7綠,,,,15,+規,
,,,,,,,構評,地退,震設,,慧建,障礙,贈公,15,,總獎勵額度
,,,,,,容3,,,,建築,,,,15,模獎,
,,,,,,,估,縮,計,,築,設計,設地,15,,
,,,,,,,,,,,,,,15,勵,
210,916 士林區,天母段一小段146地號等土地,臺北市士林區天母西路,,109/6/17,,8,8,2,6,6,,,15,10,40
211,522 北投區,振興段一小段216地號等土地,臺北市北投區榮華路三路,,109/6/17,,8,8,4,6,,4,,15,10,40
212,347 士林區,蘭雅段二小段567地號等土地,臺北市士林區文林路,,109/6/18,,8,,6,6,6,4,,15,10,40
213,120 大同區,雙連段一小段350地號等土地,臺北市大同區雙連街,,109/6/18,,8,,,,,,,15,10,18
214,731 北投區,大業段三小段793地號等土地,臺北市北投區大業路,,109/6/19,,8,8,2,6,,3,,15,10,37
215,1719 中山區,中山段三小段57地號等土地,臺北市中山區錦州街,,109/6/19,,8,8,2,6,6,,,15,10,40
216,563 中正區,公園段二小段265地號等土地,臺北市中正區南陽街~,,109/6/19,,8,,10,6,6,,,15,10,40
217,467 中山區,長安段一小段737地號等土地,臺北市中山區朱崙街,,109/6/19,,8,8,10,6,,,,15,10,40
218,382 萬華區,漢中段三小段925地號等土地,臺北市萬華區康定路,,109/6/19,,8,,2,,,,,15,10,20
219,923 中正區,公園段三小段15-4地號等土地,臺北市中正區青島西路,,109/6/20,,8,,10,6,,,,15,10,34
220,1015 內湖區,康寧段四小段196地號等土地,臺北市內湖區康寧路一段,,109/6/22,,8,8,4,6,,,5,15,10,40
221,584 中山區,吉林段二小段57地號等土地,臺北市中山區松江路,,109/6/23,,8,8,4,6,6,,,15,10,40
222,233 中山區,吉林段二小段737地號等土地,臺北市中山區吉林路,失其效力,109/6/23,,8,,10,6,6,,,15,10,40
223,349 大安區,金華段二小段387地號等土地,臺北市大安區和平東路一段,,109/6/24,,8,,,,,,,15,10,18
,,,,,,,,容積獎勵項目及額度(%)-依核准函為準,,,,,,16,,
案件,,,,,,,,,,,,,,16,時程,
,基地面積(㎡)行政區,地段地號,門牌地址,備註,核准日期,,4結,5基,6耐,,8智,9無,10捐,16,,
數,,,,,,原容大於法,,,,7綠,,,,16,+規,
,,,,,,,構評,地退,震設,,慧建,障礙,贈公,16,,總獎勵額度
,,,,,,容3,,,,建築,,,,16,模獎,
,,,,,,,估,縮,計,,築,設計,設地,16,,
,,,,,,,,,,,,,,16,勵,
224,386 信義區,雅祥段三小段674地號等土地,臺北市信義區永吉路,,109/6/24,10,8,,2,6,,4,,16,10,40
225,738 士林區,光華段二小段12地號等土地,臺北市士林區福德路,,109/6/24,,6,8,10,6,,,,16,10,40
226,106 松山區,延吉段一小段590地號等土地,臺北市松山區光復南路,,109/6/29,,8,,,,,,,16,10,18
227,561 北投區,振興段一小段402地號等土地,臺北市北投區華榮一路,,109/6/30,,8,8,2,6,6,,,16,10,40
228,905 文山區,華興段二小段147地號等土地,臺北市文山區富山路,,109/7/2,,8,,4,8,6,4,,16,10,40
229,400 萬華區,華江段三小段365地號等土地,臺北市萬華區大理街,,109/7/2,,8,8,4,6,,,4.7,16,10,40
230,275 北投區,奇岩段四小段77地號等土地,臺北市北投區民權街,,109/7/2,,8,8,10,4,,,,16,10,40
231,1410 文山區,景美段五小段111地號等土地,臺北市文山區羅斯福路六段,,109/7/2,,8,8,2,6,6,3,,16,10,40
232,950 中正區,臨沂段三小段464地號等土地,臺北市中正區信義路二段,失其效力,109/7/2,,8,,2,6,,,,16,10,26
233,355 中正區,河堤段三小段687地號等土地,臺北市中正區金門街,,109/7/2,,6,8,4,6,,3,2.25,16,10,39.25
234,279 松山區,寶清段三小段697地號等土地,臺北市松山區南京東路五段,,109/7/2,,8,8,2,6,,,,16,10,34
235,472 萬華區,直興段二小段194地號等土地,臺北市萬華區西園路一段,,109/7/2,,8,8,2,6,,,5,16,10,39
236,334 中正區,臨沂段四小段292地號等土地,臺北市中正區仁愛路二段,,109/7/3,,8,,4,6,6,3,,16,10,37
237,1023 萬華區,雙園段三小段406地號等土地,臺北市萬華區西園路二段,,109/7/3,,8,10,2,6,,,4.59,16,10,40
,,,,,,,,容積獎勵項目及額度(%)-依核准函為準,,,,,,17,,
案件,,,,,,,,,,,,,,17,時程,
,基地面積(㎡)行政區,地段地號,門牌地址,備註,核准日期,,4結,5基,6耐,,8智,9無,10捐,17,,
數,,,,,,原容大於法,,,,7綠,,,,17,+規,
,,,,,,,構評,地退,震設,,慧建,障礙,贈公,17,,總獎勵額度
,,,,,,容3,,,,建築,,,,17,模獎,
,,,,,,,估,縮,計,,築,設計,設地,17,,
,,,,,,,,,,,,,,17,勵,
,,,,,,,,,,,,,,17,,113.8%
238,475 士林區,三玉段四小段387地號等土地,臺北市士林區士東路,,109/7/3,1302.39,4,8,2,6,,,,17,10,
,,,,,,,,,,,,,,17,,原容1.15
239,169.55 大同區,文昌段一小段168-12地號等土地 臺北市大同區重慶北路三段,,失其效力,109/7/6,,6,,,,,,,17,10,16
240,197 中山區,吉林段二小段616地號等土地,臺北市中山區吉林路,,109/7/7,,8,,2,4,4,,,17,10,28
241,311 士林區,蘭雅段一小段489地號等土地,臺北市士林區磺溪街,,109/7/7,10,8,,,,,,,17,10,28
242,561 萬華區,福星段二小段388地號等土地,臺北市萬華區開封街二段,,109/7/7,,8,,4,6,6,4,,17,10,38
243,416 大同區,大同段一小段580地號等土地,臺北市大同區民族西路,,109/7/9,,8,,2,6,6,,5,17,10,37
244,842 大同區,玉泉段一小段979地號等土地,臺北市大同區鄭州街,失其效力,109/7/9,,8,,2,6,,3,,17,10,29
245,332 中山區,吉林段一小段766地號等土地,臺北市中山區民生東路二段,,109/7/9,10,6,8,2,4,,,,17,10,40
246,617 大同區,雙連段三小段847地號等土地,臺北市大同區重慶北路二段,,109/7/9,,8,,2,6,6,3,,17,10,35
247,163 大安區,瑞安段二小段222地號等土地,臺北市大安區瑞安街,,109/7/14,,8,,,,,,,17,10,18
248,384 中正區,公園段二小段654地號等土地,臺北市中正區漢口街一段,失其效力,109/7/14,,8,,10,6,6,,,17,10,40
249,399 中正區,臨沂段三小段579地號等土地,臺北市中正區臨沂街,失其效力,109/7/15,,8,,10,,,,,17,10,28
250,303 文山區,萬慶段三小段221地號等土地,臺北市文山區育英街,,109/7/16,,8,8,4,6,4,,,17,10,40
251,324 中山區,中山段三小段225地號等土地,臺北市中山區民生東路一段,失其效力,109/7/16,,6,,4,,,,,17,10,20
,,,,,,,,容積獎勵項目及額度(%)-依核准函為準,,,,,,18,,
案件,,,,,,,,,,,,,,18,時程,
,基地面積(㎡)行政區,地段地號,門牌地址,備註,核准日期,,4結,5基,6耐,,8智,9無,10捐,18,,
數,,,,,,原容大於法,,,,7綠,,,,18,+規,
,,,,,,,構評,地退,震設,,慧建,障礙,贈公,18,,總獎勵額度
,,,,,,容3,,,,建築,,,,18,模獎,
,,,,,,,估,縮,計,,築,設計,設地,18,,
,,,,,,,,,,,,,,18,勵,
252,286 大同區,圓環段三小段336地號等土地,臺北市大同區太原路,,109/7/17,,8,,,,,,,18,10,18
253,533 中山區,正義段一小段336地號等土地,臺北市中山區林森北路,,109/7/17,,8,8,2,6,6,,,18,10,40
254,2181 士林區,陽明段二小段23地號等土地,臺北市士林區中山北路,,109/7/17,,6,8,4,6,6,,,18,10,40
255,372 中正區,中正段二小段279地號等土地,臺北市中正區金山南路一段,,109/7/17,10,8,,2,6,4,,,18,10,40
256,1458.14 北投區,桃源段四小段159地號等土地,臺北市北投區中央北路三段,,109/7/22,,8,8,2,,8,,,18,10,36
257,496 大同區,迪化段二小段399地號等土地,臺北市大同區南京西路,,109/7/24,,8,,10,6,6,,,18,10,40
258,300 內湖區,康寧段一小段242地號等土地,臺北市內湖區大湖街,,109/7/31,,6,,,,,,,18,10,16
259,327 大安區,仁愛段六小段305地號等土地,臺北市大安區敦化南路一段,,109/7/31,,8,8,2,6,6,,,18,10,40
260,372 文山區,萬慶段二小段676-1地號等土地 臺北市文山區萬慶街,,,109/7/31,,8,,2,6,6,3,,18,10,35
261,320 松山區,西松段三小段692地號等土地,臺北市松山區光復南路,,109/7/31,,8,8,2,6,6,,,18,10,40
262,358 南港區,南港段四小段108地號等土地,臺北市南港區興華路,,109/7/31,,6,8,,,,,,18,10,24
263,594 士林區,福林段三小段718地號等土地,臺北市士林區志成街,,109/7/31,,8,8,2,6,6,,,18,10,40
264,751 信義區,信義段一小段416地號等土地,臺北市松山區虎林街,,109/7/31,,8,10,2,6,,4,,18,10,40
265,621 士林區,至善段三小段432地號等土地,臺北市士林區至善路二段,,109/7/31,,8,,2,,,,,18,10,20
數,,,,,,原容大於法,,,,7綠,,,,19,+規,
,,,,,,,構評,地退,震設,,慧建,障礙,贈公,19,,總獎勵額度
,,,,,,容3,,,,建築,,,,19,模獎,
,,,,,,,估,縮,計,,築,設計,設地,19,,
,,,,,,,,,,,,,,19,勵,
266,202 萬華區,直興段二小段687地號等土地,臺北市萬華區環河南路二段,失其效力,109/7/31,,8,,10,6,6,,,19,10,40
,,,,,,,,,,,,,,19,,69.75%
267,314 中山區,長安段三小段412地號等土地,臺北市中山區松江路,,109/8/3,995.23,8,8,2,,,3,,19,10,
,,,,,,,,,,,,,,19,,原容1.15
268,1006.36 北投區,行義段三小段395-1地號等土地 臺北市北投區石牌路二段,,,109/8/3,,8,10,4,6,,3,,19,10,40
269,480 中正區,南海段五小段356地號等土地,臺北市中正區和平東路二段,,109/8/6,,8,8,4,6,4,,,19,10,40
,,,,,,,,,,,,,,19,,115.63%
270,1521 中山區,榮星段三小段549地號等土地,臺北市中山區民生東路三段,,109/8/6,7778.06,6,8,2,6,,,,19,10,
,,,,,,,,,,,,,,19,,原容1.15
271,1506 中山區,榮星段三小段536地號等土地,臺北市中山區民生東路三段,,109/8/6,10,6,8,2,6,,,,19,10,40
272,544.92 北投區,新民段三小段23-4地號等土地,臺北市北投區翠宜路,,109/8/7,,8,8,2,8,,3,,19,10,39
,,,,,,,,,,,,,,19,,189.86%
273,827 中山區,吉林段二小段934地號等土地,臺北市中山區松江路,,109/8/7,6994.32,8,,10,,6,,,19,10,
,,,,,,,,,,,,,,19,,原容1.15
274,694 松山區,寶清段二小段238-5地號等土地 臺北市松山區八德路四段,,,109/8/10,,8,,2,,,,,19,10,20
275,301 中正區,南海段五小段364地號等土地,臺北市中正區和平東路二段,,109/8/14,,8,,10,6,6,,,19,10,40
276,671 中山區,正義段一小段842地號等土地,臺北市中山區市民大道三段,,109/8/14,,8,8,4,6,,4,,19,10,40
,,,,,,,,,,,,,,19,,349.92%
277,117 松山區,西松段二小段421地號等土地,臺北市松山區八德路四段,失其效力,109/8/14,365.75,8,,2,,,,,19,10,
,,,,,,,,,,,,,,19,,原容1.15
278,244 松山區,美仁段二小段301地號等土地,臺北市松山區八德路段,,109/8/14,,8,,6,6,6,4,,19,10,40
279,136 中正區,南海段四小段560地號等土地,臺北市中正區南昌路一段,,109/8/14,10,8,,2,6,,3,,19,10,39
,,,,,,,,容積獎勵項目及額度(%)-依核准函為準,,,,,,20,,
案件,,,,,,,,,,,,,,20,時程,
,基地面積(㎡)行政區,地段地號,門牌地址,備註,核准日期,,4結,5基,6耐,,8智,9無,10捐,20,,
數,,,,,,原容大於法,,,,7綠,,,,20,+規,
,,,,,,,構評,地退,震設,,慧建,障礙,贈公,20,,總獎勵額度
,,,,,,容3,,,,建築,,,,20,模獎,
,,,,,,,估,縮,計,,築,設計,設地,20,,
,,,,,,,,,,,,,,20,勵,
,,,,,,,,,,,,,,20,,111%
280,200 大同區,大同段一小段408地號等土地,臺北市大同區承德路三段,失其效力,109/8/14,222,8,,4,6,6,3,,20,10,
,,,,,,,,,,,,,,20,,原容1.15
281,389 信義區,祥和段三小段257地號等土地,臺北市信義區松仁路,失其效力,109/8/16,,8,8,2,6,6,,,20,10,40
,,,,,,,,,,,,,,20,,264.59%
282,950 中正區,臨沂段一小段396地號等土地,臺北市中正區金山南路一段,,109/8/20,4416.15,8,8,2,6,,,,20,10,
,,,,,,,,,,,,,,20,,原容1.15
283,276 中山區,中山段三小段764地號等土地,臺北市中山區中山北路二段,失其效力,109/8/20,,8,,4,6,6,4,,20,10,38
284,96 中山區,長安段四小段3地號等土地,臺北市中山區長安東路二段,,109/8/20,,8,,,,,,,20,10,18
285,1124.65 北投區,溫泉段二小段414地號等土地,臺北市北投區公館路,,109/8/21,,8,8,2,6,6,,,20,10,40
286,311 大安區,金華段二小段703地號等土地,臺北市大安區金華街,,109/8/26,10,8,8,2,2,,,,20,10,40
287,949.83 北投區,行義段二小段672地號等土地,臺北市北投區行義路,失其效力,109/8/27,,8,8,4,6,4,,,20,10,40
288,362 大同區,大同段二小段209地號等土地,臺北市大同區民權西路,,109/8/27,,8,,4,6,6,3,,20,10,37
,,,,,,,,,,,,,,20,,187.54%
289,556 士林區,三玉段四小段282地號等土地,臺北市士林區士東路,,109/8/31,1610.63,8,8,2,6,,,5,20,10,
,,,,,,,,,,,,,,20,,原容1.15
290,979 北投區,豐年段二小段382地號等土地,臺北市北投區中央北路二段,,109/8/31,,8,10,4,6,,3,,20,10,40
291,191 萬華區,雙園段二小段737地號等土地,臺北市萬華區德昌街,,109/8/31,,8,,2,,,,,20,10,20
,,,臺北市內湖區港華里環山路二,,,,,,,,,,,20,,
292,203 內湖區,碧湖段四小段883地號等土地,,,109/8/31,,8,,,,,,,20,10,18
,,,段,,,,,,,,,,,20,,
293,782 大安區,復興段三小段279地號等土地,臺北市大安區大安路一段,,109/8/31,,8,10,4,6,,3,,20,10,40
,,,,,,,容積獎勵項目及額度(%)-依核准函為準,,,,,,,21,,
案件,,,,,,,,,,,,,時程,21,,
,基地面積(㎡)行政區,地段地號門牌地址,備註,核准日期,,4結,5基,6耐,,8智,9無,10捐,,21,,
數,,,,,原容大於法,,,,7綠,,,,+規,21,,
,,,,,,構評,地退,震設,,慧建,障礙,贈公,,21,總獎勵額度,
,,,,,容3,,,,建築,,,,模獎,21,,
,,,,,,估,縮,計,,築,設計,設地,,21,,
,,,,,,,,,,,,,勵,21,,
294,296 內湖區,文德段一小段227-1地號等土地 臺北市內湖區內湖路二段,失其效力,109/8/31,,8,,2,2,4,4,,10,21,30,
295,474 北投區,新民段二小段468地號等土地臺北市北投區泉源路,,109/8/31,,8,8,4,6,,4,,10,21,40,
296,130 士林區,三玉段二小段467地號等土地臺北市士林區忠誠路二段,,109/9/2,,8,,2,4,,,,10,21,24,
297,324 大同區,延平段三小段422地號等土地臺北市大同區延平北路二段,,109/9/2,,6,,,,,,,10,21,16,
298,199 大安區,龍泉段一小段116地號等土地臺北市大安區新生南路三段,失其效力,109/9/4,,6,,2,,,,,10,21,18,
299,505 文山區,萬慶段三小段213地號等土地臺北市文山區羅斯福路六段,,109/9/4,,8,8,2,6,6,,,10,21,40,
300,305 大安區,仁愛段一小段159地號等土地臺北市大安區光復南路,,109/9/4,,8,,10,,,,,10,21,28,
301,596 大同區,迪化段三小段497地號等土地臺北市大同區南京西路,,109/9/7,,8,,10,,,,,10,21,28,
302,151 信義區,永春段二小段204地號等土地臺北市信義區信義路六段,,109/9/9,,8,,4,6,4,3,,10,21,35,
303,181 大安區,復興段三小段766地號等土地臺北市大安區大安路一段,,109/9/9,,8,,2,8,,3,5,10,21,36,
304,475 大安區,復興段三小段770地號等土地臺北市大安區大安路一段,,109/9/10,,8,8,4,6,,,,10,21,36,
305,428 內湖區,康寧段一小段15地號等土地臺北市內湖區大湖山莊街,,109/9/11,,8,10,4,,,,,10,21,32,
306,521 文山區,木柵段一小段945地號等土地臺北市文山區久康街,,109/9/11,,8,8,10,4,,,,10,21,40,
307,560 大同區,大同段一小段466地號等土地臺北市大同段大龍街,,109/9/11,,8,8,2,6,6,,,10,21,40,
,,,,,,,,容積獎勵項目及額度(%)-依核准函為準,,,,,,22,,
案件,,,,,,,,,,,,,,22,時程,
,基地面積(㎡)行政區,地段地號,門牌地址,備註,核准日期,,4結,5基,6耐,,8智,9無,10捐,22,,
數,,,,,,原容大於法,,,,7綠,,,,22,+規,
,,,,,,,構評,地退,震設,,慧建,障礙,贈公,22,,總獎勵額度
,,,,,,容3,,,,建築,,,,22,模獎,
,,,,,,,估,縮,計,,築,設計,設地,22,,
,,,,,,,,,,,,,,22,勵,
308,419.82 北投區,行義段四小段318-1地號等土地 臺北市北投區石牌路段,,失其效力,109/9/15,,8,8,,,,,,22,10,26
309,145 文山區,興安段二小段282地號等土地,臺北市文山區興隆路二段,,109/9/15,,8,,4,4,,,,22,10,26
310,527 信義區,吳興段二小段394地號等土地,臺北市信義區吳興街,失其效力,109/9/17,,8,8,2,6,6,,,22,10,40
311,80 松山區,寶清段三小段508地號等土地,臺北市松山區南京東路五段,,109/9/17,,8,,,,,,,22,10,18
312,201 大安區,懷生段三小段336地號等土地,臺北市大安區仁愛路,,109/10/20,,8,,2,6,6,3,,22,10,35
,,,臺北市中正區文北里仁愛路二,,,,,,,,,,,22,,
313,221 中正區,中正段二小段21地號等土地,,,109/9/22,,8,,10,4,,4,4.3,22,10,40
,,,段,,,,,,,,,,,22,,
314,314 中正區,臨沂段三小段112地號等土地,臺北市中正區臨沂街,,109/9/23,,6,8,2,6,6,,,22,10,38
315,398 中山區,中山段一小段573地號等土地,臺北市中山區中山北路三段,,109/9/25,,8,,2,6,6,,,22,10,32
316,247 信義區,永吉段二小段216地號等土地,臺北市信義區永吉路,,109/9/25,,8,,10,,,,,22,10,28
317,816 大同區,大龍段二小段144地號等土地,臺北市大同區哈密街,,109/9/26,,8,8,4,6,,,,22,10,36
318,294 北投區,奇岩段三小段11地號等土地,臺北市北投區公館路,,109/9/26,,8,8,2,,,,,22,10,28
319,883 內湖區,康寧段一小段276地號等土地,臺北市內湖區大湖街,,109/9/26,,8,8,2,6,6,,,22,10,40
320,289 大安區,復興段三小段872地號等土地,臺北市大安區信義路四段,失其效力,109/9/26,,8,8,10,4,,,,22,10,40
321,298 大安區,瑞安段三小段46地號等土地,臺北市大安區瑞安街,,109/9/26,,8,8,4,4,,,5,22,10,39
,,,,,,,,容積獎勵項目及額度(%)-依核准函為準,,,,,,23,,
案件,,,,,,,,,,,,,,23,時程,
,基地面積(㎡)行政區,地段地號,門牌地址,備註,核准日期,,4結,5基,6耐,,8智,9無,10捐,23,,
數,,,,,,原容大於法,,,,7綠,,,,23,+規,
,,,,,,,構評,地退,震設,,慧建,障礙,贈公,23,,總獎勵額度
,,,,,,容3,,,,建築,,,,23,模獎,
,,,,,,,估,縮,計,,築,設計,設地,23,,
,,,,,,,,,,,,,,23,勵,
322,475 士林區,蘭雅段三小段361地號等土地,臺北市士林區文林路,,109/9/26,,8,8,10,0,,4,,23,10,40
323,426 大同區,大同段一小段609地號等土地,臺北市大同區民族西路,,109/9/30,,8,,10,6,6,,,23,10,40
324,806 北投區,振興段三小段76地號等土地,臺北市北投區懷德段,,109/10/5,,8,8,2,6,6,,,23,10,40
325,69 大安區,龍泉段三小段472地號等土地,臺北市大安區浦城街,,109/10/7,,8,,,,,,,23,10,18
326,399 中山區,中山段三小段32地號等土地,臺北市中山區錦州街,,109/10/7,,8,,4,8,2,3,,23,10,35
327,220 大同區,大龍段一小段442地號等土地,臺北市大同區哈密街,,109/10/12,,8,,2,8,8,4,,23,10,40
328,209.29 士林區,芝山段一小段768地號等土地,臺北市士林區芝玉路,,109/10/16,,8,,,,,,,23,10,18
329,350 北投區,奇岩段三小段488地號等土地,臺北市北投區公館路,,109/10/16,,8,,6,6,6,4,,23,10,40
,,,,,,,,,,,,,,23,,130.32%
330,3031 大安區,懷生段二小段493地號等土地,臺北市大安區建國南路一段,,109/10/19,15665.06,8,8,10,6,,,,23,10,
,,,,,,,,,,,,,,23,,原容1.15
,,,,,,,,,,,,,,23,,118.02%
331,482 大安區,龍泉段一小段557地號等土地,臺北市大安區新生南路三段,,109/10/20,631.79,8,8,2,,6,,5,23,10,
,,,,,,,,,,,,,,23,,原容1.15
332,257 大安區,復興段三小段235地號等土地,臺北市大安區大安路一段,,109/10/20,,8,,2,8,,,,23,10,28
333,133 北投區,文林段一小段210地號等土地,臺北市北投區文林北路,,109/10/20,,8,,2,6,,4,,23,10,30
334,147 大安區,金華段二小段463地號等土地,臺北市大安區和平東路一段,,109/10/20,,8,,10,6,,,,23,10,34
335,103 大安區,瑞安段二小段758地號等土地,臺北市大安區復興南路二段,,109/10/20,,8,,4,6,4,,3,23,10,35
,,,,,,,,容積獎勵項目及額度(%)-依核准函為準,,,,,,24,,
案件,,,,,,,,,,,,,,24,時程,
,基地面積(㎡)行政區,地段地號,門牌地址,備註,核准日期,,4結,5基,6耐,,8智,9無,10捐,24,,
數,,,,,,原容大於法,,,,7綠,,,,24,+規,
,,,,,,,構評,地退,震設,,慧建,障礙,贈公,24,,總獎勵額度
,,,,,,容3,,,,建築,,,,24,模獎,
,,,,,,,估,縮,計,,築,設計,設地,24,,
,,,,,,,,,,,,,,24,勵,
336,300.98 大安區,龍泉段三小段430地號等土地,臺北市大安區浦城街,,109/10/20,,8,,4,8,4,3,2,24,10,39
337,253 松山區,延吉段三小段707地號等土地,臺北市松山區八德路三段,,109/10/20,,8,,4,4,4,5,5,24,10,40
338,618 中正區,福和段一小段536地號等土地,臺北市中正區羅斯福路三段,失其效力,109/10/20,,8,,4,6,6,4,,24,10,38
339,113.7 北投區,崇仰段三小段183地號等土地,臺北市北投區石牌路二段,,109/10/20,,8,10,2,8,,3,,24,10,40
,,,,,,,,,,,,,,24,,127.31%
340,2069 松山區,敦化段二小段4地號等土地,臺北市松山區敦化北路,,109/10/22,13375.94,8,8,10,6,,,,24,10,
,,,,,,,,,,,,,,24,,原容1.15
341,695 中正區,河堤段六小段487地號等土地,臺北市中正區廈門街,,109/10/23,,8,8,2,6,6,,,24,10,40
342,167 大安區,學府段四小段186地號等土地,臺北市大安區新生南路三段,,109/10/26,,8,,2,6,,,,24,10,26
,,,,,,,,,,,,,,24,,113.32%
343,633 中正區,河堤段三小段133-2地號等土地 臺北市汀洲路二段,,,109/10/27,827.8,8,8,2,6,6,,,24,10,
,,,,,,,,,,,,,,24,,原容1.15
344,279 大安區,復興段二小段388地號等土地,臺北市忠孝東路四段,,109/10/27,10,8,,2,6,4,,,24,10,40
345,794 松山區,寶清段二小段122地號等土地,臺北市松山區南京東路五段,失其效力,109/10/30,,8,,2,8,6,3,,24,10,37
346,770 大同區,大同段二小段180地號等土地,臺北市大同區民權西路,,109/10/30,,8,,2,6,,3,,24,10,29
347,999 北投區,開明段二小段544地號等土地,臺北市北投區中和街,,109/11/2,,8,8,2,6,6,,,24,10,40
348,814 萬華區,華江段三小段374-3地號等土地 臺北市萬華區大理街,,,109/11/2,,8,10,2,6,6,,,24,10,40
349,607 士林區,天母段四小段469地號等土地,臺北市士林區中山北路七段,,109/11/5,,8,8,2,6,6,,,24,10,40
,,,,,,,,容積獎勵項目及額度(%)-依核准函為準,,,,,,25,,
案件,,,,,,,,,,,,,,25,時程,
,基地面積(㎡)行政區,地段地號,門牌地址,備註,核准日期,,4結,5基,6耐,,8智,9無,10捐,25,,
數,,,,,,原容大於法,,,,7綠,,,,25,+規,
,,,,,,,構評,地退,震設,,慧建,障礙,贈公,25,,總獎勵額度
,,,,,,容3,,,,建築,,,,25,模獎,
,,,,,,,估,縮,計,,築,設計,設地,25,,
,,,,,,,,,,,,,,25,勵,
350,370 信義區,永吉段四小段129-2地號等土地 臺北市信義區忠孝東路五段,,,109/11/5,,8,8,4,6,,,,25,10,36
351,160 文山區,博嘉段三小段608地號等土地,臺北市文山區和平東路四段,失其效力,109/11/6,,8,,2,4,,,,25,4,18
352,500 大同區,橋北段三小段584地號等土地,臺北市大同區延平北路三段,,109/11/9,,8,,10,6,6,,,25,10,40
353,1416 萬華區,莒光段二小段803地號等土地,臺北市萬華區興寧街,,109/11/9,,8,10,2,6,,3,,25,10,39
354,355 士林區,天母段三小段42地號等土地,臺北市士林區天母北路,失其效力,109/11/12,,8,8,4,6,,4,,25,10,40
355,171 大同區,大龍段一小段482地號等土地,臺北市大同區哈密街,,109/11/12,,8,,,,,,,25,8,16
356,200 北投區,文林段四小段42-2地號等土地,臺北市北投區西安街一段,,109/11/12,,8,,2,6,4,,,25,10,30
357,281 大同區,大龍段二小段698地號等土地,臺北市大同區哈密街,,109/11/16,,8,,2,6,4,4,,25,10,34
358,174 士林區,三玉段五小段403-6地號等土地 臺北市士林區德行東路,,,109/11/16,,8,,2,6,2,3,,25,10,31
359,86 信義區,祥和段二小段330地號等土地,臺北市信義區莊敬路,,109/11/17,10,8,,2,,,,5,25,10,35
360,1440 中山區,長春段一小段225地號等土地,臺北市中山區長春路,失其效力,109/11/17,,8,,2,6,,4,,25,10,30
361,533 士林區,天母段二小段66地號等土地,臺北市士林區天玉街,,109/11/17,,6,10,2,6,6,,,25,10,40
362,379 大安區,大安段二小段465地號等土地,臺北市大安區復興南路二段,,109/11/18,,8,,6,6,6,4,,25,10,40
363,267 大安區,仁愛段三小段575地號等土地,臺北市大安區安和路一段,,109/11/19,10,6,,4,6,4,5,,25,10,40
,,,,,,,容積獎勵項目及額度(%)-依核准函為準,,,,,,,26,,
案件,,,,,,,,,,,,,時程,26,,
,基地面積(㎡)行政區,地段地號門牌地址,備註,核准日期,,4結,5基,6耐,,8智,9無,10捐,,26,,
數,,,,,原容大於法,,,,7綠,,,,+規,26,,
,,,,,,構評,地退,震設,,慧建,障礙,贈公,,26,總獎勵額度,
,,,,,容3,,,,建築,,,,模獎,26,,
,,,,,,估,縮,計,,築,設計,設地,,26,,
,,,,,,,,,,,,,勵,26,,
364,431 士林區,三玉段五小段452地號等土地臺北市士林區中山北路六段,,109/11/19,,8,8,2,6,2,,4,10,26,40,
,,,,,,,,,,,,,,26,67.09%,
365,421 士林區,天母段四小段431地號等土地臺北市士林區天玉段,,109/11/19,1251.55,6,10,4,,,,,10,26,,
,,,,,,,,,,,,,,26,原容1.15,
366,174 大安區,金華段二小段416地號等土地臺北市大安區和平東路一段,,109/11/20,,8,,,,,,,10,26,18,
367,351 中山區,中山段一小段540地號等土地臺北市中山區中山北路二段,,109/11/20,,8,8,2,6,6,,,10,26,40,
368,425 萬華區,萬華段二小段1021地號等土地臺北市萬華區西園路,,109/11/23,,8,,,,,,,10,26,18,
369,1216.46 文山區,木柵段一小段757-1地號等土地 臺北市文山區久康街,,109/11/25,,8,8,6,6,,,,10,26,38,
370,309 信義區,祥和段二小段556地號等土地臺北市信義區莊敬路,,109/11/25,,8,8,2,4,8,,,10,26,40,
371,642.44 士林區,蘭雅段三小段401-1地號等土地 臺北市士林區文昌路,失其效力,109/11/27,,8,8,4,6,,3,,10,26,39,
372,201 松山區,敦化段一小段308地號等土地臺北市松山區興安街,失其效力,109/11/27,,8,,4,2,2,3,,10,26,29,
373,321 內湖區,康寧段三小段822地號等土地臺北市內湖區內湖路二段,失其效力,109/11/27,,8,,,,,,,10,26,18,
374,205 文山區,萬慶段三小段627地號等土地臺北市文山區育英街,失其效力,109/12/1,,8,,4,4,4,,,10,26,30,
375,211 大同區,延平段一小段266地號等土地臺北市大同區延平北路二段,失其效力,109/12/2,,8,,10,6,,,,10,26,34,
376,285 中正區,中正段一小段425地號等土地臺北市中正區紹興南街,,109/12/2,,8,8,2,6,6,,,10,26,40,
377,775 萬華區,直興段二小段22-1地號等土地臺北市萬華區長沙街二段,,109/12/3,,8,,10,6,8,,,8.5,26,40,
,,,,,,,容積獎勵項目及額度(%)-依核准函為準,,,,,,,27,,
案件,,,,,,,,,,,,,時程,27,,
,基地面積(㎡)行政區,地段地號門牌地址,備註,核准日期,,4結,5基,6耐,,8智,9無,10捐,,27,,
數,,,,,原容大於法,,,,7綠,,,,+規,27,,
,,,,,,構評,地退,震設,,慧建,障礙,贈公,,27,總獎勵額度,
,,,,,容3,,,,建築,,,,模獎,27,,
,,,,,,估,縮,計,,築,設計,設地,,27,,
,,,,,,,,,,,,,勵,27,,
378,297 松山區,敦化段一小段32地號等土地臺北市松山區民生東路三段,,109/12/3,10,8,8,2,,,3,,10,27,40,
379,7099 信義區,信義段四小段32地號等土地臺北市信義區信義路五段,,109/12/3,,10,,10,6,6,,,10,27,40,
380,383 文山區,萬慶段二小段676-1地號等土地 臺北市文山區萬慶街,,109/12/4,,8,,2,6,6,3,,10,27,35,
381,274 大同區,橋北段二小段600地號等土地臺北市大同區民權西路,,109/12/8,,8,,2,6,6,3,3.4,10,27,38.4,
,,,高記上海,,,,,,,,,,,27,,
382,294 大安區,金華段一小段217地號等土地臺北市大安區永康街,,109/12/8,,8,,,,,,,10,27,18,
,,,料理,,,,,,,,,,,27,,
383,154 中山區,吉林段二小段419地號等土地臺北市中山區松江路,,109/12/10,,8,,,,,,,10,27,18,
384,1003.25 中正區,城中段一小段262地號等土地臺北市中正區武昌街一段,,109/12/10,,8,,4,8,6,4,,10,27,40,
385,159 中山區,德惠段三小段64地號等土地臺北市中山區新生北路三段,,109/12/10,,8,,4,6,,,,10,27,28,
386,234 中山區,長安段一小段517地號等土地臺北市中山區龍江段,,109/12/10,10,8,,2,6,,,,10,27,36,
387,212 萬華區,莒光段二小段682-1地號等土地 臺北市萬華區莒光路,,109/12/10,,8,,10,6,4,3,,3.5,27,34.5,
388,916.15 士林區,永新段一小段452地號等土地臺北市士林區延平北路六段,,109/12/11,,8,,2,,,,5,10,27,25,
389,586.56 士林區,光華段二小段636地號等土地臺北市士林區福德路,,109/12/14,,8,8,2,6,6,,,10,27,40,
390,190 中山區,長安段三小段672地號等土地臺北市中山區吉林路,,109/12/14,,8,,10,6,6,,,10,27,40,
391,270 中山區,吉林段二小段733地號等土地臺北市中山區吉林路,,109/12/15,,8,8,4,6,4,,,10,27,40,
,,,,,,,,容積獎勵項目及額度(%)-依核准函為準,,,,,,28,,
案件,,,,,,,,,,,,,,28,時程,
,基地面積(㎡)行政區,地段地號,門牌地址,備註,核准日期,,4結,5基,6耐,,8智,9無,10捐,28,,
數,,,,,,原容大於法,,,,7綠,,,,28,+規,
,,,,,,,構評,地退,震設,,慧建,障礙,贈公,28,,總獎勵額度
,,,,,,容3,,,,建築,,,,28,模獎,
,,,,,,,估,縮,計,,築,設計,設地,28,,
,,,,,,,,,,,,,,28,勵,
392,724 大安區,學府段一小段46地號等土地,臺北市大安區基隆路二段,,109/12/16,,8,,4,6,6,3,,28,10,37
393,419.58 士林區,蘭雅段一小段552地號等土地,臺北市士林區磺溪路,,109/12/16,,6,8,10,6,,,,28,10,40
394,200 中山區,吉林段三小段274地號等土地,臺北市中山區新生北路二小段,,109/12/18,,8,,2,6,4,3,,28,10,33
395,862 中山區,長安段四小段189地號等土地,臺北市中正區松江路,,109/12/18,,8,,10,6,6,,,28,10,40
396,1006 松山區,寶清段四小段478地號等土地,臺北市松山區南京東路五段,,109/12/18,,8,,10,6,6,,,28,7.5,37.5
,,,,,,,,,,,,,,28,,130.80%
397,1457 中正區,南海段四小段76地號等土地,臺北市中正區南海路,,109/12/21,,8,,,,,,,28,10,
,,,,,,,,,,,,,,28,,原容1.15
398,282 信義區,吳興段一小段382-1地號等土地 臺北市信義區吳興街,,失其效力,109/12/22,,8,,,,,,,28,10,18
399,1373 中正區,公園段二小段132地號等土地,臺北市中正區襄陽路,失其效力,109/12/22,,8,,10,,,,,28,10,28
400,334 北投區,溫泉段二小段34地號等土地,臺北市北投區溫泉路,,109/12/22,,8,10,2,6,4,,,28,10,40
401,268 內湖區,碧湖段二小段749地號等土地,臺北市內湖路二小段,,109/12/22,,8,8,4,6,4,,,28,10,40
402,1950 士林區,永新段三小段395地號等土地,臺北市士林區社正路,失其效力,109/12/22,,8,,6,6,,,,28,10,30
403,427 中山區,長安段四小段51地號等土地,臺北市建國北路一段,失其效力,109/12/23,,8,8,2,6,4,,,28,10,38
404,357 大安區,學府段四小段160地號等土地,臺北市新生南路三段,,109/12/23,,8,8,10,,,,,28,10,36
405,156 萬華區,莒光段二小段357地號等土地,臺北市艋舺大道,失其效力,109/12/23,,8,,,,,,,28,10,18
,,,,,,,,容積獎勵項目及額度(%)-依核准函為準,,,,,,29,,
案件,,,,,,,,,,,,,,29,時程,
,基地面積(㎡)行政區,地段地號,門牌地址,備註,核准日期,,4結,5基,6耐,,8智,9無,10捐,29,,
數,,,,,,原容大於法,,,,7綠,,,,29,+規,
,,,,,,,構評,地退,震設,,慧建,障礙,贈公,29,,總獎勵額度
,,,,,,容3,,,,建築,,,,29,模獎,
,,,,,,,估,縮,計,,築,設計,設地,29,,
,,,,,,,,,,,,,,29,勵,
406,292 萬華區,莒光段二小段109-3地號等土地 臺北市萬華區大埔街,,失其效力,109/12/24,,8,,2,8,,3,,29,10,31
407,333 中山區,長春段一小段683-2地號等土地 臺北市中山區遼寧街,,,109/12/24,,8,8,4,6,4,,,29,10,40
,,,,,,,,,,,,,,29,,62.81%
408,206 大安區,通化段六小段358地號等土地,臺北市大安區樂利街,,109/12/25,553.61,8,8,2,,,,,29,10,
,,,,,,,,,,,,,,29,,原容1.15
409,410 萬華區,萬華段二小段512地號等土地,臺北市萬華區大理街,,109/12/29,,8,8,2,4,2,3,,29,10,37
410,815 文山區,景美段二小段152地號等土地,臺北市文山區景華街,,109/12/30,,8,8,4,6,,4,,29,10,40
411,2175 大安區,懷生段一小段726地號等土地,臺北市大安區忠孝東路三段,,109/12/31,,8,,10,8,,4,,29,10,40
412,667 大安區,學府段四小段111地號等土地,臺北市大安區和平東路二段,失其效力,110/1/6,,8,8,10,,,3,1,29,10,40
413,921 萬華區,萬大段二小段417地號等土地,臺北市萬華區萬大路,,110/1/8,,8,8,4,8,,3,,29,10,40
414,207 大安區,懷生段四小段162地號等土地,臺北市大安區建國南路一段,失其效力,110/1/8,10,8,,2,6,4,,,29,10,40
415,341 大安區,復興段三小段499地號等土地,臺北市大安區四維路,失其效力,110/1/13,,8,10,10,2,,,,29,10,40
,,,臺北市北投區中庸里永興路一,,,,,,,,,,,29,,
416,428.78 北投區,開明段二小段530-2地號等土地,,,110/1/13,,8,8,4,4,4,3,,29,10,40
,,,段,,,,,,,,,,,29,,
417,349 萬華區,漢中段二小段5-1地號等土地,臺北市萬華區貴陽街二小段,,110/1/13,,8,,2,8,,,,29,10,28
418,667 中正區,公園段三小段165地號等土地,臺北市中正區懷寧街,失其效力,110/1/15,,8,,2,,,,,29,10,20
419,413 大安區,大安段二小段85地號等土地,臺北市大安區四維路,,110/1/18,,8,8,2,6,6,,,29,10,40
,,,,,,,,容積獎勵項目及額度(%)-依核准函為準,,,,,,30,,
案件,,,,,,,,,,,,,,30,時程,
,基地面積(㎡)行政區,地段地號,門牌地址,備註,核准日期,,4結,5基,6耐,,8智,9無,10捐,30,,
數,,,,,,原容大於法,,,,7綠,,,,30,+規,
,,,,,,,構評,地退,震設,,慧建,障礙,贈公,30,,總獎勵額度
,,,,,,容3,,,,建築,,,,30,模獎,
,,,,,,,估,縮,計,,築,設計,設地,30,,
,,,,,,,,,,,,,,30,勵,
420,196 文山區,木柵段二小段90地號等土地,臺北市文山區指南路一小段,,110/1/18,,6,,,,,,,30,10,16
421,245 大同區,市府段二小段759地號等土地,臺北市大同長安西路,,110/1/20,,8,,10,8,,3,,30,10,39
422,160 大安區,仁愛段六小段355地號等土地,臺北市大安區敦化南路一段,,110/1/20,,8,,2,,,,5,30,10,25
423,1023 萬華區,青年段一小段66地號等土地,臺北市萬華區水源段,失其效力,110/1/20,,8,8,,,,,,30,10,26
424,147 大安區,懷生段三小段589地號等土地,臺北市大安區仁愛路三段,,110/1/22,,6,,4,6,6,3,,30,8,33
425,567 內湖區,碧湖段四小段962地號等土地,臺北市內湖區環山路二段,,110/1/22,,8,8,4,8,,3,,30,10,40
426,934 北投區,奇岩段三小段510地號等土地,臺北市北投區公舘路,,110/1/22,,8,8,10,6,,,,30,10,40
427,906 大安區,大安段一小段171地號等土地,臺北市大安區四維路,,110/1/22,10,8,8,4,,,,,30,10,40
428,151.11 士林區,芝蘭段一小段437地號等土地,臺北市士林區芝玉路二段,,110/1/22,,8,,2,4,4,3,,30,10,31
429,1118 中正區,城中段二小段583地號等土地,臺北市中正區桃源街,,110/1/22,,8,,2,6,,,,30,10,26
430,1295 北投區,文林段四小段460地號等土地,臺北市北投段石牌路一段,,110/1/22,,8,8,4,8,,3,,30,10,40
431,88 中山區,吉林段一小段194地號等土地,臺北市中山區民權東路二段,失其效力,110/1/25,,8,,4,4,4,,,30,10,30
432,446 中正區,中正段一小段272地號等土地,臺北市中正區紹興南路,,110/1/25,,8,10,2,6,4,,,30,10,40
433,198 中山區,長春段一小段474地號等土地,臺北市中山區長春路,,110/1/25,,8,,2,4,2,,,30,8,24
,,,,,,,,容積獎勵項目及額度(%)-依核准函為準,,,,,,31,,
案件,,,,,,,,,,,,,,31,時程,
,基地面積(㎡)行政區,地段地號,門牌地址,備註,核准日期,,4結,5基,6耐,,8智,9無,10捐,31,,
數,,,,,,原容大於法,,,,7綠,,,,31,+規,
,,,,,,,構評,地退,震設,,慧建,障礙,贈公,31,,總獎勵額度
,,,,,,容3,,,,建築,,,,31,模獎,
,,,,,,,估,縮,計,,築,設計,設地,31,,
,,,,,,,,,,,,,,31,勵,
,,,臺北市大安區誠安里市民大道,,,,,,,,,,,31,,
434,703 大安區,懷生段一小段176地號等土地,,,110/1/25,,8,8,2,6,6,0,,31,10,40
,,,三段,,,,,,,,,,,31,,
435,66.58 士林區,陽明段二小段350地號等土地,臺北市士林區舊佳里福壽街,失其效力,110/1/25,,8,,,,,,,31,8,16
436,237 大安區,瑞安段一小段334-2地號等土地 臺北市大安區建國南路二段,,,110/1/27,,8,,4,6,6,,,31,10,34
437,172 大同區,市府段三小段656地號等土地,臺北市大同區華陰街,,110/1/27,,8,,6,6,6,4,,31,10,40
438,261.08 大同區,橋北段二小段505地號等土地,臺北市大同區伊寧街,,110/1/27,,8,,2,4,2,,5,31,10,31
439,266 大同區,大龍段一小段90地號等土地,臺北市大同區哈密街,,110/1/27,,8,,2,,,3,,31,10,23
440,181 中山區,正義段三小段513地號等土地,臺北市中山區中北路一段,,110/1/27,,8,8,2,6,6,5,,31,9.5,40
441,559 大安區,復興段二小段377地號等土地,臺北市大安區忠孝東路四段,,110/1/27,,8,8,4,6,,4,,31,10,40
442,775 士林區,百齡段一小段64地號等土地,臺北市士林區大南路,,110/1/27,,8,10,4,6,,,,31,10,38
443,152 士林區,福林段三小段282地號等土地,臺北市士林區中山北路五段,,110/1/27,,8,,6,6,6,4,,31,10,40
444,105 中山區,中山段三小段415地號等土地,臺北市中山區中山北路二段,,110/1/27,,8,,,4,4,,,31,10,26
445,391 大同區,橋北段三小段581地號等土地,臺北市大同區延平北路三段,,110/1/28,,8,,2,6,6,3,,31,10,35
446,910 信義區,犂和段二小段529地號等土地,臺北市信義區崇德街,失其效力,110/1/28,,8,8,2,6,6,,,31,10,40
447,264 大安區,仁愛段五小段107地號等土地,臺北市大安區市民大道四段,失其效力,110/1/29,,8,,4,6,,,,31,10,28
,,,,,,,,容積獎勵項目及額度(%)-依核准函為準,,,,,,32,,
案件,,,,,,,,,,,,,,32,時程,
,基地面積(㎡)行政區,地段地號,門牌地址,備註,核准日期,,4結,5基,6耐,,8智,9無,10捐,32,,
數,,,,,,原容大於法,,,,7綠,,,,32,+規,
,,,,,,,構評,地退,震設,,慧建,障礙,贈公,32,,總獎勵額度
,,,,,,容3,,,,建築,,,,32,模獎,
,,,,,,,估,縮,計,,築,設計,設地,32,,
,,,,,,,,,,,,,,32,勵,
448,266 大同區,大龍段一小段620地號等土地,臺北市大同區哈密街,,110/1/29,,8,,,,,,,32,10,18
,,,,神旺大飯,,,,,,,,,,32,,525.84%
449,1733 大安區,仁愛段二小段573地號等土地,臺北市大安區忠孝東路四段,,110/1/29,14988.81,8,8,10,,,,,32,10,
,,,,店,,,,,,,,,,32,,原容1.15
450,119 萬華區,直興段一小段239地號等土地,臺北市萬華區西昌街,,110/1/29,,8,,,,,,,32,10,18
451,483 大安區,仁愛段一小段672地號等土地,臺北市大安區光復南路,失其效力,110/1/29,,8,,4,8,6,4,,32,10,40
452,505.67 文山區,興泰段一小段242地號等土地,臺北市文山區辛亥路四小段,,110/1/29,,8,,6,6,4,3,,32,10,37
453,113 內湖區,西湖段二小段314地號等土地,臺北市內湖區文湖街,,110/2/5,,8,,4,,,,,32,8,20
454,529 大同區,大同段二小段168地號等土地,臺北市大同區民權西路,,110/2/5,,8,8,2,6,6,,,32,10,40
455,862 大同區,文昌段二小段156地號等土地,臺北市大同段重慶北路三段,,110/2/5,,8,10,2,6,,,,32,10,36
456,526 士林區,蘭雅段一小段530地號等土地,臺北市士林區磺溪路,,110/2/5,,6,8,10,6,,,,32,10,40
457,306 內湖區,康寧段一小段396地號等土地,臺北市內湖區大湖街,,110/2/5,,8,,4,10,4,,,32,10,36
458,538 士林區,至善段三小段494地號等土地,臺北市士林區至善路二段,,110/2/5,,6,,4,,,,,32,10,20
459,935 大同區,大同段二小段898地號等土地,臺北市大同區重慶北路三段,,110/2/8,,8,8,2,6,6,,,32,10,40
460,457 南港區,新光段二小段278-5地號等土地 臺北市南港區成福路,,,110/2/8,,8,8,2,6,6,,,32,10,40
461,639 北投區,大業段三小段515地號等土地,臺北市北投區光明路,,110/2/8,,8,8,4,6,,5,,32,10,40
數,,,,,原容大於法,,,7綠,,,,+規,,33,,
,,,,,構評,地退,震設,,慧建,障礙,贈公,,總獎勵額度,33,,
,,,,容3,,,,建築,,,,模獎,,33,,
,,,,,估,縮,計,,築,設計,設地,,,33,,
,,,,,,,,,,,,勵,,33,,
462,343 士林區,天母段二小段195地號等土地,臺北市士林區天玉街,110/2/17,8,,8,,,,,10,26,33,,
463,311 大安區,金華段二小段343地號等土地,臺北市大安區和平東路一段,110/2/18,8,8,4,6,4,,,10,40,33,,
464,272 大安區,通化段一小段206地號等土地,臺北市大安區文昌街,110/2/26,8,8,2,4,2,,,10,34,33,,
465,255.16 萬華區,福星段一小段66-1地號等土地,臺北市萬華區洛陽街,110/3/3,8,,6,6,,4,,10,34,33,,
466,629 北投區,開明段三小段554地號等土地,臺北市北投區中和街,110/3/5,8,8,10,6,,,,10,40,33,,
467,1132 中正區,臨沂段三小段8地號等土地,臺北市中正區新生南路一段,110/3/5,8,,2,,8,,,10,28,33,,
468,728.54 中正區,臨沂段二小段88地號等土地,臺北市中正區濟南路二段,110/3/12,8,,10,6,6,,,10,40,33,,
469,376 內湖區,碧湖段三小段76地號等土地,臺北市內湖路二段,110/3/12,8,8,2,6,6,,,10,40,33,,
470,599.66 士林區,福林段三小段435地號等土地,臺北市士林區中山北路五段,110/3/19,6,8,4,6,6,,,10,40,33,,
471,333 中山區,長安段一小段80地號等土地,臺北市中山區遼寧街,110/3/25,8,8,2,4,2,4,,10,38,33,,
472,301.82 大同區,橋北段三小段591-2地號等土地 臺北市大同區民權西路,,110/3/26,8,,6,6,6,4,,10,40,33,,
473,3432 大安區,仁愛段一小段114地號等土地,臺北市大安區正聲里光復南路,110/3/26,8,10,2,6,8,,,10,40,33,,
474,523 大安區,仁愛段二小段634地號等土地,臺北市大安區敦化南路一段,110/3/26,8,8,2,6,6,,,10,40,33,,
475,115 大安區,通化段四小段381地號等土地,臺北市大安區通化街,110/3/30,8,,2,,,,,8,18,33,,
數,,,,,原容大於法,,,,7綠,,,,+規,34,,
,,,,,,構評,地退,震設,,慧建,障礙,贈公,,34,總獎勵額度,
,,,,,容3,,,,建築,,,,模獎,34,,
,,,,,,估,縮,計,,築,設計,設地,,34,,
,,,,,,,,,,,,,勵,34,,
,,,,,,,,,,,,,,34,166.96%,
476,910 士林區,天母段一小段230地號等土地臺北市士林區中山北路六段,,110/4/1,,8,8,2,6,,,,10,34,,
,,,,,,,,,,,,,,34,原容1.15,
477,256 南港區,玉成段四小段706地號等土地臺北市南港區東新街,,110/4/9,,8,,2,,,,,10,34,20,
478,197 中山區,吉林段五小段99地號等土地臺北市中山區新生北路二段,,110/4/12,,8,,10,6,6,,,10,34,40,
479,725 士林區,天山段一小段309地號等土地臺北市士林區中山北路七段,,110/4/27,,8,8,2,6,6,,,10,34,40,
480,1242.29 士林區,陽明段三小段379-6地號等土地 臺北市士林區美崙街,,110/4/29,,8,8,4,6,6,,,10,34,40,
481,390 中正區,永昌段六小段33地號等土地臺北市中正區中華路二段,,110/5/6,,8,8,2,6,6,,,8.5,34,38.5,
482,193 內湖區,碧湖段二小段787地號等土地臺北市內湖區內湖路二段,,110/5/7,,6,,10,8,6,,,8,34,38,
,,,國賓大飯,,,,,,,,,,,34,,
483,4805 中山區,中山段三小段315地號等土地臺北市中山區中山北路二段,,110/5/12,,8,,10,6,6,,,10,34,40,
,,,店,,,,,,,,,,,34,,
484,295.84 大同區,文昌段二小段14地號等土地臺北市大同區酒泉街,,110/5/13,,8,8,4,6,4,,,10,34,40,
485,452 士林區,至善段六小段336-15地號等土地 臺北市士林區故宮路,失其效力,110/5/13,,8,10,4,4,4,4,,10,34,40,
486,451 信義區,永吉段一小段274地號等土地臺北市信義區永吉路,,110/5/18,,8,8,10,4,,,,10,34,40,
487,591 北投區,大業段三小段232地號等土地臺北市北投區中正街,,110/5/24,,8,8,4,,,3,,10,34,33,
488,201 士林區,三玉段五小段620地號等土地臺北市士林區中山北路六段,,110/5/31,,8,,4,6,,,4.4,10,34,32.4,
489,1581 北投區,振興段三小段181地號等土地臺北市北投區東陽街,,110/5/31,555.41,8,8,10,6,,,,10,34,40,
數,,,,,,原容大於法,,,7綠,,,,+規,35,,
,,,,,,構評,地退,震設,,慧建,障礙,贈公,,35,總獎勵額度,
,,,,,容3,,,,建築,,,,模獎,35,,
,,,,,,估,縮,計,,築,設計,設地,,35,,
,,,,,,,,,,,,,勵,35,,
490,639 內湖區,康寧段一小段338地號等土地,臺北市內湖區大湖街,,110/5/31,8,8,2,6,6,,,10,35,40,
491,562 大安區,懷生段四小段321地號等土地,臺北市大安區新生南路一段,,110/6/4,7,10,4,6,,3,,10,35,40,
492,1849 萬華區,直興段一小段510地號等土地,臺北市萬華區康定路,,110/6/4,6,,2,6,,,,10,35,24,
493,86 萬華區,漢中段二小段860地號等土地,臺北市萬華區隆昌街,,110/6/9,8,,,,,,,8,35,16,
494,359 文山區,木柵段一小段666地號等土地,臺北市文山區木柵路三段,失其效力,110/6/16,6,8,2,6,4,3,,10,35,39,
495,2533 大同區,圓環段三小段292地號等土地,臺北市大同區南京西路,,110/6/17,8,,10,6,6,,,10,35,40,
496,1325 南港區,玉成段四小段584地號等土地,臺北市南港區東新街,,110/6/25,8,10,2,6,6,5,,10,35,40,
497,341 中山區,正義段三小段230地號等土地,臺北市中山區林森北路,,110/6/25,8,,2,8,6,3,1.17,10,35,38.17,
498,1699 大同區,玉泉段一小段963地號等土地,臺北市大同區鄭州街,,110/6/30,8,,10,6,6,,,10,35,40,
499,432 中山區,長安段一小段703地號等土地,臺北市中山區南京東路三段,,110/6/30,8,,2,4,,,,10,35,24,
500,472 士林區,天母段三小段11地號等土地,臺北市天母北路,,110/7/1,8,,6,8,8,,,10,35,40,
501,184 中山區,德惠段三小段166地號等土地,臺北市中山區新生北路三段,,110/7/1,,,,,,,,8,35,8,
502,266 中山區,正義段一小段429地號等土地,臺北市中山區長安東路一段,,110/7/5,8,,4,6,6,3,,10,35,37,
503,230 大同區,圓環段二小段10地號等土地,臺北市大同區赤峰路,,110/7/13,8,,,,,,,10,35,18,
,,,,,,容積獎勵項目及額度(%)-依核准函為準,,,,,,,,36,,
案件,,,,,,,,,,,,時程,,36,,
,基地面積(㎡)行政區,地段地號門牌地址,備註,核准日期,4結,5基,6耐,,8智,9無,10捐,,,36,,
數,,,,,原容大於法,,,7綠,,,,+規,,36,,
,,,,,構評,地退,震設,,慧建,障礙,贈公,,總獎勵額度,36,,
,,,,容3,,,,建築,,,,模獎,,36,,
,,,,,估,縮,計,,築,設計,設地,,,36,,
,,,,,,,,,,,,勵,,36,,
504,135 中山區,正義段一小段211地號等土地臺北市中山區林森北路,,110/7/13,8,,2,,,,,8,18,36,,
505,560 大同區,文昌段一小段214地號等土地臺北市大同區重慶北路三段,,110/7/13,999.538,,2,6,6,,,10,32,36,,
506,365 大安區,仁愛段三小段423地號等土地臺北市大安區信義路四段,失其效力,110/7/15,8,,4,8,6,4,,10,40,36,,
507,600 中山區,中山段三小段225地號等土地臺北市中山區民生東路一段~,,110/7/15,6,,10,8,6,,,10,40,36,,
508,288 北投區,文林段四小段199地號等土地臺北市北投區致遠一路二段,,110/7/19,8,8,2,6,4,3,,10,40,36,,
509,1453 大同區,文昌段二小段217地號等土地臺北市重慶北路三段,,110/7/20,8,,10,6,6,,,10,40,36,,
510,388 大同區,橋北段二小段509地號等土地臺北市大同區伊寧街,失其效力,110/7/22,8,,,,,,,10,18,36,,
511,934 北投區,立農段四小段382地號等土地臺北市北投區實踐街,,110/7/22,8,8,2,6,6,,,10,40,36,,
512,991 萬華區,華中段四小段395地號等土地臺北市萬華區環河南路三段,,110/7/26,8,8,2,6,6,,,10,40,36,,
513,613 文山區,木柵段一小段919-1地號等土地 臺北市文山區久康街,,110/7/28,8,8,2,6,6,,,10,40,36,,
514,347 信義區,雅祥段三小段60地號等土地臺北市信義區松隆路,,110/7/30,8,,2,,4,,,10,24,36,,
515,1324 文山區,木柵段二小段535地號等土地臺北市文山區保儀路,,110/8/2,8,10,4,8,,,,10,40,36,,
516,210 中山區,德惠段三小段94地號等土地臺北市中山區民族東路,失其效力,110/8/2,8,,,,,,,10,18,36,,
517,452 中山區,中山段三小段754地號等土地臺北市中山區中山北路二段,,110/8/3,8,8,4,,,,,10,30,36,,
,,,,,,,容積獎勵項目及額度(%)-依核准函為準,,,,,,,37,,
案件,,,,,,,,,,,,,時程,37,,
,基地面積(㎡)行政區,地段地號,門牌地址,備註,核准日期,4結,5基,6耐,,8智,9無,10捐,,37,,
數,,,,,,原容大於法,,,7綠,,,,+規,37,,
,,,,,,構評,地退,震設,,慧建,障礙,贈公,,37,總獎勵額度,
,,,,,容3,,,,建築,,,,模獎,37,,
,,,,,,估,縮,計,,築,設計,設地,,37,,
,,,,,,,,,,,,,勵,37,,
518,971 大同區,大同段二小段616地號等土地,臺北市大同區蘭州街,,110/8/5,8,8,4,6,4,,,10,37,40,
519,820 士林區,永新段二小段547地號等土地,臺北市士林區延平北路六段,失其效力,110/8/9,8,10,2,6,6,,,10,37,40,
520,131 士林區,福林段一小段214地號等土地,臺北市士林區福林路,失其效力,110/8/9,8,,2,,,,,8,37,18,
521,2362 中正區,中正段一小段438地號等土地,臺北市中正區紹興南街,,110/8/9,8,8,2,6,,,,10,37,34,
,,,臺北市大安區龍泉里和平東路,,,,,,,,,,,37,,
522,73 大安區,金華段二小段369地號等土地,,,110/8/9,6,,,,,,,8,37,14,
,,,一段,,,,,,,,,,,37,,
523,462 大同區,大龍段一小段224地號等土地,臺北市大同區承德路三段,失其效力,110/8/9,8,,2,6,6,3,,10,37,35,
524,805.34 士林區,天玉段一小段974地號等土地,臺北市士林區中山北路段,,110/8/12,8,8,,,,,,10,37,26,
525,859 中山區,正義段二小段437地號等土地,臺北市林森北路,,110/8/12,8,10,2,8,,3,,10,37,40,
526,290 中山區,中山段一小段339地號等土地,臺北市中山區雙城街,,110/8/13,8,,2,4,,3,,10,37,27,
527,398 北投區,立農段三小段411地號等土地,臺北市尊賢街,,110/8/13,8,8,10,,4,,,10,37,40,
528,199 大安區,龍泉段一小段116地號等土地,臺北市大安區新生南路三段,,110/8/20,6,,4,8,8,3,,8,37,37,
529,825.68 松山區,敦化段四小段17地號等土地,臺北市松山區復興北路,,110/8/20,8,,10,6,6,,,10,37,40,
530,441 北投區,立農段一小段391地號等土地,臺北市北投區承德路七段,,110/8/20,8,8,2,6,6,,,10,37,40,
531,146 北投區,振興段三小段440地號等土地,臺北市北投區裕民六路,,110/8/23,8,8,10,4,,,,6.5,37,36.5,
數,,,,,,原容大於法,,,,7綠,,,,38,+規,
,,,,,,,構評,地退,震設,,慧建,障礙,贈公,38,,總獎勵額度
,,,,,,容3,,,,建築,,,,38,模獎,
,,,,,,,估,縮,計,,築,設計,設地,38,,
,,,,,,,,,,,,,,38,勵,
532,1137 文山區,景美段五小段40地號等土地,臺北市文山區車前路,,110/8/24,,8,8,2,6,6,,,38,10,40
533,1956 中山區,長春段三小段307地號等土地,臺北市南京東路二段,,110/8/27,17928.461,6,,10,6,6,,,38,10,38
534,560 信義區,雅祥段四小段309地號等土地,臺北市信義區松隆路,,110/8/27,,8,8,10,6,,,,38,10,40
535,92 北投區,秀山段二小段323地號等土地,臺北市北投區杏林三路,失其效力,110/8/30,,8,,,,,,,38,8,16
536,315 內湖區,碧湖段三小段454-2地號等土地 臺北市內湖區麗山街,,失其效力,110/9/2,,8,,6,6,6,4,,38,10,40
537,224.92 大同區,圓環段三小段250地號等土地,臺北市大同區平陽街,,110/9/2,,8,,,,,,,38,10,18
538,570 中山區,中山段三小段681地號等土地,臺北市中山區中山北路二段,,110/9/6,10,8,10,2,,,,,38,10,40
539,504 士林區,陽明段二小段224地號等土地,臺北市士林區中正區中正路,,110/9/6,,8,8,4,8,8,3,,38,10,40
540,329 中山區,中山段三小段648地號等土地,臺北市中山北路二段,,110/9/6,,8,,10,6,6,,,38,10,40
541,192 松山區,敦化段三小段589-9地號等土地 臺北市松山區復興南路一段,,,110/9/8,,8,,,,,,,38,8,16
542,1184 中山區,吉林段三小段228地號等土地,臺北市中山區新生北路二段,,110/9/8,,8,8,2,6,6,,,38,10,40
543,95 大同區,大同段二小段655地號等土地,臺北市大同區蘭州街,,110/9/10,,8,,2,2,,,,38,8,20
544,401 大同區,大同段一小段422地號等土地,臺北市大同區昌吉街,失其效力,110/9/13,,8,10,2,6,4,,,38,10,40
545,446 中正區,南海段四小段374地號等土地,臺北市中正區南昌路一段,,110/9/13,,8,,2,6,4,,,38,10,30
,,,,,,,,容積獎勵項目及額度(%)-依核准函為準,,,,,,39,,
案件,,,,,,,,,,,,,,39,時程,
,基地面積(㎡)行政區,地段地號,門牌地址,備註,核准日期,,4結,5基,6耐,,8智,9無,10捐,39,,
數,,,,,,原容大於法,,,,7綠,,,,39,+規,
,,,,,,,構評,地退,震設,,慧建,障礙,贈公,39,,總獎勵額度
,,,,,,容3,,,,建築,,,,39,模獎,
,,,,,,,估,縮,計,,築,設計,設地,39,,
,,,,,,,,,,,,,,39,勵,
546,222 大同區,圓環段三小段690地號等土地,臺北市大同區重慶北路二段,,110/9/13,,8,,4,,,,,39,10,22
547,753 士林區,天母段三小段39地號等土地,臺北市士林區天母北路,,110/9/14,,8,8,2,6,6,,,39,10,40
548,739 內湖區,康寧段三小段568-2地號等土地 臺北市內湖區康寧路一段,,,110/9/15,,8,8,2,6,6,,,39,10,40
549,563 大同區,大同段一小段601地號等土地,臺北市大同區民族西路,,110/9/15,,8,10,2,6,6,,,39,10,40
550,999 北投區,文林段五小段308地號等土地,臺北市北投區承德路七段,,110/9/15,,8,8,4,6,,4,,39,10,40
551,252 松山區,敦化段二小段318地號等土地,臺北市松山區復興北路,,110/9/16,,8,8,10,,,3,,39,10,39
552,183 中山區,德惠段二小段1013地號等土地,臺北市中山區松江路,失其效力,110/9/16,,8,,10,6,6,,,39,8,38
553,100 北投區,振興段三小段324地號等土地,臺北市北投區裕民里懷德街,,110/9/17,,8,,,,,,,39,8,16
554,349 中正區,中正段二小段215地號等土地,臺北市中正區杭州南路一段,,110/9/17,,8,8,4,6,4,,,39,10,40
,,,,三德大飯,,,,,,,,,,39,,
555,1859 大同區,大同段二小段16-1地號等土地,臺北市大同區承德路三段,,110/9/22,14013.14,8,8,10,6,,,,39,10,40
,,,,店,,,,,,,,,,39,,
556,650 大安區,金華段三小段56地號等土地,臺北市大安區金山南路二段,,110/9/22,2043.8,8,8,2,,,,0.61,39,10,28.61
557,434 士林區,蘭雅段一小段345地號等土地,臺北市士林區磺溪街,,110/9/22,,6,8,2,6,8,,,39,10,40
558,225 大同區,大龍段二小段178地號等土地,臺北市大同區哈密街,,110/9/23,,8,,2,,,,,39,10,20
559,243 中山區,吉林段四小段794地號等土地,臺北市中山區新生北路二段,,110/9/23,,8,,2,,,,,39,10,20
,,,,,,,,容積獎勵項目及額度(%)-依核准函為準,,,,,,40,,
案件,,,,,,,,,,,,,,40,時程,
,基地面積(㎡)行政區,地段地號,門牌地址,備註,核准日期,,4結,5基,6耐,,8智,9無,10捐,40,,
數,,,,,,原容大於法,,,,7綠,,,,40,+規,
,,,,,,,構評,地退,震設,,慧建,障礙,贈公,40,,總獎勵額度
,,,,,,容3,,,,建築,,,,40,模獎,
,,,,,,,估,縮,計,,築,設計,設地,40,,
,,,,,,,,,,,,,,40,勵,
560,400 萬華區,漢中段三小段895地號等土地,臺北市萬華區永福街,,110/9/23,,8,,4,6,4,3,,40,10,35
561,1430 士林區,蘭雅段三小段311地號等土地,臺北市士林區文林路,,110/9/23,,8,10,2,,6,4,,40,10,40
562,442 大安區,懷生段四小段451地號等土地,臺北市大安區新生南路一段,,110/9/24,,8,8,4,6,,4,,40,10,40
563,398 萬華區,雙園段一小段287地號等土地,臺北市萬華區興義街,失其效力,110/10/5,,8,8,4,6,2,3,,40,10,40
564,372 信義區,吳興段三小段64地號等土地,臺北市信義區六合紫雲街,,110/10/6,,6,8,4,6,6,,,40,10,40
565,205 中山區,正義段四小段383地號等土地,臺北市中山區安西路,,110/10/6,,8,,2,2,6,3,1.94,40,10,32.94
566,309 萬華區,青年段一小段196地號等土地,臺北市萬華區萬大路,,110/10/8,,8,,2,,,,,40,10,20
567,159 大安區,龍泉段一小段896-1地號等土地 臺北市大安區羅斯福路三段,,,110/10/15,,8,,2,8,6,,,40,8,32
568,930.84 北投區,行義段二小段672地號等土地,臺北市北投區行義路,,110/10/17,,8,8,4,6,4,,,40,10,40
569,1772 北投區,大業段四小段57地號等土地,臺北市北投區中央南路一段,,110/10/17,,8,8,2,6,6,,,40,10,40
570,277 信義區,雅祥段四小段217地號等土地,臺北市信義區督敦厚里松隆路,,110/10/18,,8,,10,6,6,,,40,10,40
571,297 松山區,寶清段四小段18地號等土地,臺北市松山區南京東路五段,,110/10/21,,8,,2,6,6,3,5,40,10,40
572,371 萬華區,莒光段一小段528地號等土地,臺北市萬華區中華路二段,失其效力,110/10/25,,8,,2,4,,,,40,10,24
573,213 士林區,天母段一小段215地號等土地,臺北市士林區中山北路六段,,110/10/25,,8,,6,6,6,4,,40,8,38
,,,,,,,,容積獎勵項目及額度(%)-依核准函為準,,,,,,41,,
案件,,,,,,,,,,,,,,41,時程,
,基地面積(㎡)行政區,地段地號,門牌地址,備註,核准日期,,4結,5基,6耐,,8智,9無,10捐,41,,
數,,,,,,原容大於法,,,,7綠,,,,41,+規,
,,,,,,,構評,地退,震設,,慧建,障礙,贈公,41,,總獎勵額度
,,,,,,容3,,,,建築,,,,41,模獎,
,,,,,,,估,縮,計,,築,設計,設地,41,,
,,,,,,,,,,,,,,41,勵,
574,302 大同區,文昌段二小段549地號等土地,臺北市大同區延平北路四段,,110/10/26,1332.5,8,,2,8,4,4,,41,10,36
575,890 中山區,中山段三小段319地號等土地,臺北市中山區中山北路二段,失其效力,110/10/29,,8,8,2,6,6,,,41,10,40
576,104 中山區,吉林段三小段575地號等土地,臺北市中山區吉林路,,110/10/29,,8,,2,4,6,,,41,6,26
577,902 信義區,三興段三小段523地號等土地,臺北市信義區嘉興街,,110/10/29,,8,8,2,6,6,,,41,10,40
578,197.32 士林區,芝蘭段一小段316地號等土地,臺北市士林區東山里德行東路,,110/10/31,396.39,8,,4,4,6,,5,41,8,35
579,417 文山區,興安段二小段347地號等土地,臺北市文山區興隆路二段,失其效力,110/11/5,,8,8,4,4,,,,41,10,34
580,597 大安區,大安段三小段220地號等土地,臺北市大安區四維路,,110/11/5,,8,10,4,,6,3,,41,10,40
581,201 文山區,萬慶段三小段297地號等土地,臺北市文山區羅斯福路六段,,110/11/5,,8,,10,6,6,,,41,10,40
582,803 中山區,榮星段五小段204地號等土地,臺北市中山區合江街,,110/11/5,2126.84,8,10,,,,,,41,10,28
583,577 萬華區,華江段三小段473-14地號等土地 臺北市萬華區和平西路三段,,,110/11/8,,8,8,2,8,,4,,41,10,40
584,818.59 北投區,崇仰段一小段398-9地號等土地 臺北市北投區奇岩段路,,,110/11/8,,8,8,4,8,,3,,41,10,40
585,357 文山區,興隆段三小段726地號等土地,臺北市文山區萬盛街,,110/11/8,,8,8,4,6,,4,,41,10,40
586,361 大安區,復興段三小段488地號等土地,臺北市大安區四維路,失其效力,110/11/9,,8,8,4,6,4,,,41,10,40
,,,,,,,,,,,,,,41,,166.02%
587,270 士林區,芝山段一小段743地號等土地,臺北市士林區至誠路一段,,110/11/9,,8,,2,6,2,,,41,8,
,,,,,,,,,,,,,,41,,原容1.15
,,,,,,,,容積獎勵項目及額度(%)-依核准函為準,,,,,,42,,
案件,,,,,,,,,,,,,,42,時程,
,基地面積(㎡)行政區,地段地號,門牌地址,備註,核准日期,,4結,5基,6耐,,8智,9無,10捐,42,,
數,,,,,,原容大於法,,,,7綠,,,,42,+規,
,,,,,,,構評,地退,震設,,慧建,障礙,贈公,42,,總獎勵額度
,,,,,,容3,,,,建築,,,,42,模獎,
,,,,,,,估,縮,計,,築,設計,設地,42,,
,,,,,,,,,,,,,,42,勵,
588,297 大同區,大龍段一小段592地號等土地,臺北市大同區哈密街,,110/11/11,,8,8,2,6,,,,42,10,34
,,,,西華大飯,,,,,,,,,,42,,727.25%
589,3468 松山區,敦化段五小段21地號等土地,臺北市松山區民生東路三段,,110/11/11,,8,10,4,8,6,,,42,10,
,,,,店,,,,,,,,,,42,,原容1.15
590,172 文山區,萬隆段二小段285地號等土地,臺北市文山區萬隆街,,110/11/11,,8,,,,,,,42,6,14
591,826 南港區,玉成段五小段313地號等土地,臺北市南港區成福路,,110/11/12,,8,8,2,6,6,,,42,10,40
592,620 萬華區,雙園段一小段736地號等土地,臺北市萬華區西園路二段,,110/11/12,,8,10,2,,,,,42,10,30
593,375 松山區,敦化段二小段180地號等土地,臺北市松山區八德路二段,,110/11/17,10,8,8,2,,,3,,42,10,40
594,90 南港區,中南段一小段257地號等土地,臺北市南港區中南街,失其效力,110/11/22,,8,,4,,,,,42,6,18
595,140 中山區,正義段一小段353地號等土地,臺北市中山區長安東路一段,失其效力,110/11/24,,8,,,,,,,42,8,16
596,236.73 北投區,桃源段四小段162地號等土地,臺北市北投區中央北路三段,,110/11/24,,6,,,,,,,42,10,16
597,249 中山區,吉林段三小段1002地號等土地,臺北市中山區林森北路,,110/11/26,,8,,,,,,,42,10,18
598,208 文山區,公訓段三小段305地號等土地,臺北市文山區興隆路三段,失其效力,110/11/26,,8,,6,6,6,4,,42,10,40
599,211 中正區,河堤段六小段588地號等土地,臺北市中正區廈門街,,110/11/26,,8,,2,10,6,,,42,10,36
600,1187 中正區,臨沂段三小段2地號等土地,臺北市中正區新生南路一段,失其效力,110/11/30,,8,8,10,6,,,,42,10,40
601,1018.96 中正區,南海段五小段702地號等土地,臺北市中正區和平西路二段,,110/11/30,,8,8,2,6,6,,,42,10,40
,,,,,,,,容積獎勵項目及額度(%)-依核准函為準,,,,,,43,,
案件,,,,,,,,,,,,,,43,時程,
,基地面積(㎡)行政區,地段地號,門牌地址,備註,核准日期,,4結,5基,6耐,,8智,9無,10捐,43,,
數,,,,,,原容大於法,,,,7綠,,,,43,+規,
,,,,,,,構評,地退,震設,,慧建,障礙,贈公,43,,總獎勵額度
,,,,,,容3,,,,建築,,,,43,模獎,
,,,,,,,估,縮,計,,築,設計,設地,43,,
,,,,,,,,,,,,,,43,勵,
602,329 中正區,中正段一小段11地號等土地,臺北市中正區泰安街,,110/12/2,10,8,,2,6,,4,,43,10,40
603,919.66 信義區,三興段三小段58地號等土地,臺北市信義區嘉興街,,110/12/6,,8,8,4,6,,4,,43,10,40
604,344 大同區,橋北段三小段630地號等土地,臺北市大同區延平北路三段,失其效力,110/12/8,,8,10,4,6,2,,,43,10,40
,,,臺北市內湖區港華里環山路二,,,,,,,,,,,43,,
605,187 內湖區,碧湖段四小段165地號等土地,,失其效力,110/12/10,,8,,10,,,,,43,8,26
,,,段,,,,,,,,,,,43,,
,,,,,,,,,,,,,,43,,346.44%原容
606,498 松山區,敦化段一小段676地號等土地,臺北市松山區南京東路三段,,110/12/10,1390.92,8,8,,,,,,43,10,
,,,,,,,,,,,,,,43,,1.15
607,592 松山區,敦化段一小段599地號等土地,臺北市松山區南京東路三段,失其效力,110/12/10,,8,,10,,6,,,43,10,34
608,397 萬華區,漢中段二小段5-14地號等土地,臺北市萬華區貴陽街二段,,110/12/10,,8,,2,6,6,,,43,10,32
609,934 大安區,仁愛段六小段265地號等土地,臺北市大安區忠孝東路,,110/12/10,,8,8,10,6,,4,,43,10,40
610,351 大安區,仁愛段二小段668地號等土地,臺北市大安區安和路一段,,110/12/10,,8,8,4,6,,4,,43,10,40
611,1271 信義區,三興段一小段537地號等土地,臺北市信義區基隆路二段,,110/12/10,,8,,2,8,8,4,,43,10,40
612,1387 松山區,美仁段一小段459地號等土地,臺北市松山區南京東路四段,,110/12/13,6454.37,6,,4,6,6,,,43,10,32
613,97 中山區,吉林段四小段385地號等土地,臺北市中山區中原街,失其效力,110/12/15,,8,,,,,,,43,8,16
614,305 內湖區,康寧段一小段115地號等土地,臺北市大湖山莊街,失其效力,110/12/16,,6,,10,4,6,4,,43,10,40
615,190 中山區,正義段三小段581地號等土地,臺北市中山區中山北路一段,失其效力,110/12/16,,8,,4,,,,,43,8,20
,,,,,,,,容積獎勵項目及額度(%)-依核准函為準,,,,,,44,,
案件,,,,,,,,,,,,,,44,時程,
,基地面積(㎡)行政區,地段地號,門牌地址,備註,核准日期,,4結,5基,6耐,,8智,9無,10捐,44,,
數,,,,,,原容大於法,,,,7綠,,,,44,+規,
,,,,,,,構評,地退,震設,,慧建,障礙,贈公,44,,總獎勵額度
,,,,,,容3,,,,建築,,,,44,模獎,
,,,,,,,估,縮,計,,築,設計,設地,44,,
,,,,,,,,,,,,,,44,勵,
616,358.52 南港區,新光段二小段277地號等土地,臺北市南港區成福路,,110/12/19,,8,8,2,6,6,,,44,9,39
617,492 中正區,南海段五小段546地號等土地,臺北市中正區中華路二段,,110/12/21,1705.15,8,,4,4,4,3,,44,10,33
618,284 松山區,美仁段一小段768地號等土地,臺北市松山區南京東路四段,,110/12/21,,8,8,2,6,6,,,44,10,40
619,142 松山區,美仁段一小段767地號等土地,臺北市松山區南京東路四段,,110/12/26,,8,,6,6,,,,44,8,28
620,257 中正區,城中段一小段183地號等土地,臺北市中正區漢口街一段,,110/12/30,,8,,4,4,6,,,44,8,30
621,259 中正區,南海段三小段359地號等土地,臺北市忠孝東路四段,,111/1/6,,8,,6,6,6,,,44,10,36
622,86 松山區,延吉段一小段339地號等土地,臺北市松山區光復南路,,111/1/6,,8,,,,,,,44,8,16
623,708 內湖區,文德段二小段138-11地號等土地 臺北市內湖區文德路,,,111/1/6,,8,8,2,6,6,,,44,10,40
624,83 士林區,光華段四小段61地號等土地,臺北市士林區文林路,,111/1/6,,8,,,,,,,44,6,14
625,419.88 北投區,行義段四小段318-1地號等土地 臺北市北投區石牌路段,,,111/1/7,,8,8,,,,,,44,9,25
626,181.85 中山區,長春段一小段776地號等土地,臺北市中山區遼寧街,失其效力,111/1/10,,8,,6,6,6,,,44,8,34
627,390 萬華區,雙園段三小段16地號等土地,臺北市萬華區西園路二段,,111/1/10,,8,10,2,6,4,,,44,10,40
628,453 松山區,寶清段四小段579地號等土地,臺北市松山區南京東路五段,失其效力,111/1/10,,8,8,4,4,4,3,,44,9,39
629,198 中山區,吉林段一小段290地號等土地,臺北市中山區松江路,,111/1/12,,8,8,4,6,4,,,44,10,40
數,,,,,,原容大於法,,,,7綠,,,,45,+規,
,,,,,,,構評,地退,震設,,慧建,障礙,贈公,45,,總獎勵額度
,,,,,,容3,,,,建築,,,,45,模獎,
,,,,,,,估,縮,計,,築,設計,設地,45,,
,,,,,,,,,,,,,,45,勵,
630,467 大安區,學府段二小段391地號等土地,臺北市大安區和平東路二段,,111/1/13,,8,,2,8,4,3,5,45,10,40
631,215 中正區,南海段四小段388地號等土地,臺北市中正區南海路,,111/1/20,,8,,4,6,4,,,45,10,32
632,386 中正區,臨沂段一小段614地號等土地,臺北市中正區濟南路二段,,111/1/20,,8,8,2,6,6,,,45,8.5,38.5
633,726.65 北投區,崇仰段三小段208地號等土地,臺北市北投區石牌路二段,,111/1/20,,8,8,2,6,6,,,45,10,40
634,168 萬華區,龍山段一小段201地號等土地,臺北市萬華區西昌街,,111/2/8,,8,,10,6,6,,,45,8,38
635,96 大同區,大同段一小段816地號等土地,臺北市大同區昌吉街,,111/2/9,,8,,10,4,,,,45,6,28
636,889 信義區,吳興段一小段510地號等土地,臺北市信義區吳興街,,111/2/11,,8,10,2,6,,4,,45,10,40
637,398 大安區,復興段二小段360地號等土地,臺北市大安區仁愛路四段,,111/2/15,,8,,10,6,6,,,45,10,40
638,479 中山區,吉林段二小段783地號等土地,臺北市中山區南京東路二段,失其效力,111/2/17,,8,,10,6,6,,,45,9,39
639,217 萬華區,莒光段一小段408地號等土地,臺北市萬華區中華路二段,,111/2/17,,8,,2,,,,,45,8,18
640,1395.92 士林區,天山段一小段59-1地號等土地,臺北市中山區中山北路七段,,111/2/17,,6,8,4,6,6,,,45,10,40
641,1047 萬華區,雙園段一小段282-1地號等土地 臺北市萬華區義興街,,,111/2/18,,6,10,4,8,,3,,45,10,40
642,608 文山區,實踐段一小段309地號等土地,臺北市文山區光輝路,,111/2/18,,8,8,10,,,4,,45,9.6,39.603
643,891 中山區,長安段四小段50地號等土地,臺北市建國北路一段,,111/2/23,,8,10,2,6,4,,,45,10,40
,,,,,,,容積獎勵項目及額度(%)-依核准函為準,,,,,,,46,,
案件,,,,,,,,,,,,,時程,46,,
,基地面積(㎡)行政區,地段地號門牌地址,備註,核准日期,,4結,5基,6耐,,8智,9無,10捐,,46,,
數,,,,,原容大於法,,,,7綠,,,,+規,46,,
,,,,,,構評,地退,震設,,慧建,障礙,贈公,,46,總獎勵額度,
,,,,,容3,,,,建築,,,,模獎,46,,
,,,,,,估,縮,計,,築,設計,設地,,46,,
,,,,,,,,,,,,,勵,46,,
644,345.82 大安區,復興段三小段118-1地號等土地 臺北市大安區大安路一段,失其效力,111/2/25,10,8,,2,4,6,,,10,46,40,
645,908 中正區,城中段一小段370地號等土地臺北市中正區博愛路,,111/3/3,,8,,,,,,,10,46,18,
,,,,,,,,,,,,,,46,126.86%,
646,413 松山區,敦化段一小段691地號等土地臺北市松山區南京東路三段,,111/3/6,1190.92,8,8,4,,,,,9,46,,
,,,,,,,,,,,,,,46,原容1.15,
647,576 北投區,新民段四小段208地號等土地臺北市北投區幽雅路,失其效力,111/3/10,,8,8,4,6,,4,,9,46,39,
648,193 大同區,文昌段一小段459地號等土地臺北市大同區迪化街二段,失其效力,111/3/10,,8,,2,,,,,8,46,18,
649,168 文山區,木柵段一小段772地號等土地臺北市文山區木柵里久康街,,111/3/10,,8,,2,,,,,8,46,18,
650,730 中山區,吉林段五小段209地號等土地臺北市中山區南京東路二段,,111/3/10,,8,8,2,6,6,,,10,46,40,
651,167 松山區,民生段30-8地號等土地臺北市松山區新東街,,111/3/10,,8,,2,6,,,,6,46,22,
652,240 萬華區,萬大段一小段458地號等土地臺北市萬華區東園街,,111/3/16,,8,,,,,,,10,46,18,
653,916 信義區,三興段一小段1065地號等土地臺北市信義區嘉興街,,111/3/16,,8,,2,8,8,4,,10,46,40,
654,261 大同區,橋北段一小段505地號等土地臺北市大同區迪化街二段,失其效力,111/3/17,,8,,,,,,,8,46,16,
655,883.91 內湖區,文德段一小段110-3地號等土地 臺北市內湖區成功路三段,,111/3/17,,8,8,2,8,6,,,10,46,40,
656,717 內湖區,潭美段四小段94地號等土地臺北市內湖區新明路,,111/3/22,,8,8,4,,6,4,,10,46,40,
657,136.46 中正區,中正段二小段246-1地號等土地 臺北市中正區杭州南路一段,,111/3/22,,8,,4,6,,,,8,46,26,
,,,,,,,容積獎勵項目及額度(%)-依核准函為準,,,,,,,47,,
案件,,,,,,,,,,,,,時程,47,,
,基地面積(㎡)行政區,地段地號,門牌地址,備註,核准日期,4結,5基,6耐,,8智,9無,10捐,,47,,
數,,,,,,原容大於法,,,7綠,,,,+規,47,,
,,,,,,構評,地退,震設,,慧建,障礙,贈公,,47,總獎勵額度,
,,,,,容3,,,,建築,,,,模獎,47,,
,,,,,,估,縮,計,,築,設計,設地,,47,,
,,,,,,,,,,,,,勵,47,,
658,328 文山區,萬芳段一小段146地號等土地,臺北市文山區萬利街,,111/3/29,8,,10,6,,,,8.5,47,32.5,
659,1364.63 士林區,華岡段一小段232地號等土地,臺北市士林區大亨路,,111/3/31,6,,,,,,,10,47,16,
660,144 大安區,仁愛段三小段24地號等土地,臺北市大安區延吉街,,111/4/6,8,,6,2,6,,,8,47,30,
661,4396.1 北投區,新民段四小段213-7地號等土地 臺北市北投區幽雅路,,,111/4/20,8,8,4,6,,,,10,47,36,
662,462 大同區,大龍段一小段224地號等土地,臺北市大同區承德路三段,,111/4/22,8,,2,6,6,4,,9,47,35,
663,918 萬華區,莒光段二小段462地號等土地,臺北市萬華區莒光路,,111/4/22,8,8,2,,8,3,,10,47,39,
664,220 內湖區,文德段二小段544地號等土地,臺北市內湖區文德路,,111/4/29,6,,2,2,,,,10,47,20,
665,844 文山區,木柵段一小段550地號等土地,臺北市文山區木柵路三段,,111/4/29,8,,10,6,6,,,10,47,40,
666,606 大同區,延平段一小段291地號等土地,臺北市大同區保安街,,111/4/29,8,,2,6,,3,,10,47,29,
667,1690.31 大同區,迪化段二小段254地號等土地,臺北市大同區延平北路二段,,111/4/29,8,,10,6,6,,,10,47,40,
668,563 大安區,龍泉段一小段961地號等土地,臺北市大安區辛亥路一段,,111/4/29,8,8,2,6,6,,,9.5,47,39.5,
669,1300 松山區,寶清段一小段582地號等土地,臺北市松山區南京東路五段,,111/4/29,8,,10,6,6,,,10,47,40,
,,,,,,,,,,,,,,47,88.61%,
670,250 士林區,百齡段五小段139地號等土地,臺北市士林區劍潭路,,111/4/29,694.036,,2,,,,,10,47,,
,,,,,,,,,,,,,,47,原容1.15,
671,802 中正區,福和段一小段536地號等土地,臺北市中正區羅斯福路三段,,111/5/9,8,,4,6,6,4,,10,47,38,
,,,,,,,容積獎勵項目及額度(%)-依核准函為準,,,,,,,48,,
案件,,,,,,,,,,,,,時程,48,,
,基地面積(㎡)行政區,地段地號門牌地址,備註,核准日期,,4結,5基,6耐,,8智,9無,10捐,,48,,
數,,,,,原容大於法,,,,7綠,,,,+規,48,,
,,,,,,構評,地退,震設,,慧建,障礙,贈公,,48,總獎勵額度,
,,,,,容3,,,,建築,,,,模獎,48,,
,,,,,,估,縮,計,,築,設計,設地,,48,,
,,,,,,,,,,,,,勵,48,,
,,,,,,,,,,,,,,48,416.96%,
672,550 大安區,懷生段三小段458地號等土地臺北市大安區忠孝東路三段,,111/5/10,1874.9,8,8,2,6,,,,10,48,,
,,,,,,,,,,,,,,48,原容1.15,
673,263 北投區,新民段三小段236-2地號等土地 臺北市北投區珠海路,,111/5/10,,6,8,2,6,,,5,8,48,35,
674,776 士林區,百齡段一小段169地號等土地臺北市士林區承德路四段,,111/5/10,,8,8,2,6,6,,,10,48,40,
675,3323 文山區,木柵段三小段412-1地號等土地 臺北市文山區忠順街二段,,111/5/13,,8,10,2,6,6,,,10,48,40,
676,157 大安區,金華段二小段854地號等土地臺北市大安區潮州街,,111/5/24,,8,,10,6,,,,6,48,30,
677,576.23 士林區,蘭雅段二小段579地號等土地臺北市士林區福國路,,111/5/25,,8,8,2,6,6,,,9.5,48,39.5,
678,434 中正區,城中段二小段421地號等土地臺北市中正區博愛路,,111/5/31,,8,,,,,,,9,48,17,
679,179 中山區,正義段二小段494地號等土地臺北市中山區長安東路一段,,111/5/31,10,8,,10,2,,,,6,48,36,
680,403 萬華區,華中段二小段106地號等土地臺北市萬華區德昌街,,111/6/23,,8,,4,,,,,10,48,22,
681,1548 信義區,犁和段二小段316地號等土地臺北市信義區崇德街,,111/6/23,,8,8,4,8,,3,,10,48,40,
682,590 中山區,長春段一小段770地號等土地臺北市中山區遼寧街,,111/6/23,,8,8,10,6,,,,9.5,48,39.5,
683,257 中山區,正義段三小段732地號等土地臺北市中山區中山北路一段,,111/6/23,,8,,10,6,6,,,8,48,38,
684,357 萬華區,漢中段二小段166地號等土地臺北市萬華區西寧南路,,111/6/30,,8,,10,6,6,,,8.5,48,38.5,
685,750 大安區,通化段六小段312地號等土地臺北市大安區安和路二段,,111/6/30,,8,8,2,6,6,,,10,48,40,
,,,,,,,,容積獎勵項目及額度(%)-依核准函為準,,,,,,49,,
案件,,,,,,,,,,,,,,49,時程,
,基地面積(㎡)行政區,地段地號,門牌地址,備註,核准日期,,4結,5基,6耐,,8智,9無,10捐,49,,
數,,,,,,原容大於法,,,,7綠,,,,49,+規,
,,,,,,,構評,地退,震設,,慧建,障礙,贈公,49,,總獎勵額度
,,,,,,容3,,,,建築,,,,49,模獎,
,,,,,,,估,縮,計,,築,設計,設地,49,,
,,,,,,,,,,,,,,49,勵,
686,774 信義區,吳興段三小段112地號等土地,臺北市信義區紫雲街,,111/7/6,,8,8,2,6,6,,,49,10,40
687,358 北投區,新民段三小段72地號等土地,臺北市北投區翠嶺路,,111/7/7,,8,8,2,4,4,3,,49,8.5,37.5
688,171 中山區,長安段四小段487地號等土地,臺北市中山區新生北路一段,,111/7/15,,8,,2,4,4,3,,49,6,27
689,267 文山區,實踐段三小段426-4地號等土地 臺北市文山區木新路三段,,失其效力,111/7/18,,8,,2,,,,,49,8,18
690,527 信義區,祥和段四小段423-4地號等土地 臺北市信義區青雲街,,失其效力,111/7/18,,8,,,,,,,49,9.5,17.5
691,1418 文山區,華興段三小段50地號等土地,臺北市文山區木柵路一段,,111/7/20,,8,8,2,6,6,,,49,10,40
692,1173 士林區,海光段二小段561地號等土地,臺北市士林區葫蘆街,,111/7/20,,8,8,2,6,6,,,49,10,40
693,755 大安區,懷生段三小段432地號等土地,臺北市大安區忠孝東路三段,,111/7/20,,8,,10,6,6,,,49,10,40
694,1550 北投區,大業段四小段92地號等土地,臺北市北投區中央南路一段,,111/7/28,,8,8,4,6,6,,,49,10,40
,,,臺北市中山區新生北路三段等,,,,,,,,,,,49,,
695,423 中山區,德惠段四小段441地號等土地,,,111/7/28,,8,,4,8,8,3,,49,9,39
,,,筆,,,,,,,,,,,49,,
696,520 中山區,中山段四小段2地號等土地,臺北市中山區錦西街,,111/7/28,,8,,10,6,6,,,49,9.5,39.5
,,,,,,,,,,,,,,49,,125.43%原容
697,209 大安區,懷生段四小段347地號等土地,臺北市大安區建國南路一段,,111/7/28,643.11,8,,4,4,4,,,49,8,
,,,,,,,,,,,,,,49,,1.15
698,274 中山區,長安段四小段319地號等土地,臺北市中山區長安東路二段,,111/7/28,10,8,,2,6,4,,,49,8,38
699,530 萬華區,漢中段一小段416地號等土地,臺北市萬華區西寧南路,,111/7/28,,8,8,10,,4,,,49,9,39.5
數,,,,,原容大於法,,,,7綠,,,,+規,50,,
,,,,,,構評,地退,震設,,慧建,障礙,贈公,,50,總獎勵額度,
,,,,,容3,,,,建築,,,,模獎,50,,
,,,,,,估,縮,計,,築,設計,設地,,50,,
,,,,,,,,,,,,,勵,50,,
700,1005 北投區,開明段二小段245地號等土地臺北市北投區雙全街雙全街,,111/7/29,,8,,10,6,6,,,10,50,40,
701,624 中正區,南海段三小段751-1地號等土地 臺北市中正區重慶南路段,,111/7/29,,8,8,2,8,,4,,10,50,40,
702,997.85 北投區,立農段五小段387-2地號等土地 臺北市北投區立農街一段,,111/8/1,,8,8,2,6,6,,,9,50,39,
703,313.78 北投區,溫泉段四小段662-2地號等土地 臺北市北投區中央南路一段,,111/8/1,,8,,2,8,,3,,5,50,26,
704,824 中山區,吉林段四小段4地號等土地臺北市中山區民生東路二段,,111/8/1,,8,8,2,6,6,,,10,50,40,
705,166 中山區,長安段一小段112地號等土地臺北市中山區遼寧街,失其效力,111/8/3,,8,,,,,,,6,50,14,
706,193 內湖區,碧湖段二小段692地號等土地臺北市內湖區內湖路二段,失其效力,111/8/4,,8,,,,,,,6,50,14,
707,740.91 中正區,河堤段五小段404地號等土地臺北市中正區廈門街,,111/8/9,,8,10,2,6,4,,,10,50,40,
708,1246 北投區,桃源段一小段61地號等土地臺北市北投區中央北路二段,,111/8/9,,8,8,2,6,6,,,8.5,50,38.5,
709,863 中山區,榮星段二小段198地號等土地臺北市中山區龍江路,,111/8/9,1654.03,8,8,2,,,3,,10,50,127.8%原容1.15,
,,,慶泰大飯,,,,,,,,,,,50,288.06%原容,
710,758 中山區,吉林段二小段349地號等土地臺北市中山區松江路,,111/8/9,5635.98,8,,10,,,,,10,50,,
,,,店,,,,,,,,,,,50,1.15,
711,778 文山區,政大段二小段418地號等土地臺北市文山區指南路三段,,111/8/10,,8,8,2,6,,,5,10,50,39,
712,5064 士林區,至善段三小段425地號等土地臺北市士林區至善路二段,,111/8/12,,8,8,10,6,,,,10,50,40,
713,340 中正區,河堤段六小段417地號等土地臺北市中正區廈門街,,111/8/12,,8,,2,2,4,,,8.5,50,24.5,
數,,,,,原容大於法,,,,7綠,,,,+規,51,,
,,,,,,構評,地退,震設,,慧建,障礙,贈公,,51,總獎勵額度,
,,,,,容3,,,,建築,,,,模獎,51,,
,,,,,,估,縮,計,,築,設計,設地,,51,,
,,,,,,,,,,,,,勵,51,,
714,146 大安區,大安段三小段708地號等土地,臺北市大安區和平東路二段,111/8/13,,8,,6,6,6,4,,8,51,38,
715,1752.15 內湖區,康寧段三小段562-1地號等土地 臺北市內湖區康寧路一段,,111/8/13,,8,8,2,6,6,,,10,51,40,
716,584 中正區,臨沂段三小段219地號等土地,臺北市中正區新生南路一段,111/8/17,,8,,10,6,6,,,9.5,51,39.5,
717,194 文山區,頭廷段二小段492地號等土地,臺北市文山區萬壽路,111/8/17,,8,,10,6,,,,6,51,30,
718,172 松山區,美仁段二小段78地號等土地,臺北市松山區光復北路,111/8/18,,8,,10,6,,3,,6,51,33,
719,584 內湖區,文德段二小段461地號等土地,臺北市內湖區文德路,111/8/29,,8,8,2,6,6,,,9.5,51,39.5,
720,788 北投區,奇岩段三小段449地號等土地,臺北市北投區公館路,111/8/29,,8,8,2,6,6,,,10,51,40,
721,480 萬華區,直興段二小段268地號等土地,臺北市萬華區西園路一段,111/8/29,,8,,10,6,2,4,,8.5,51,38.5,
722,347 文山區,萬隆段一小段561地號等土地,臺北市文山區公館街,111/8/31,,8,,2,6,6,3,,8.5,51,33.5,
723,582.65 北投區,奇岩段二小段85-1地號等土地,臺北市北投區公館路,111/9/8,,8,8,2,6,6,,,9.5,51,39.5,
724,244 大同區,橋北段一小段411地號等土地,臺北市大同區延平北路三段,111/9/12,,8,,6,6,8,4,,8,51,38,
725,254 北投區,文林段三小段304地號等土地,臺北市北投區建民路,111/9/12,,8,,10,6,,3,0.89,8,51,35.89,
726,374 文山區,興泰段一小段132地號等土地,臺北市文山區辛亥路四段,111/9/15,,8,8,2,6,6,,,8.5,51,38.5,
727,119 文山區,華興段二小段143地號等土地,臺北市文山區富山路,111/9/15,,8,,2,,,,,6,51,16,
,,,,,,容積獎勵項目及額度(%)-依核准函為準,,,,,,,,52,,
案件,,,,,,,,,,,,時程,,52,,
,基地面積(㎡)行政區,地段地號門牌地址,備註,核准日期,4結,5基,6耐,,8智,9無,10捐,,,52,,
數,,,,,原容大於法,,,7綠,,,,+規,,52,,
,,,,,構評,地退,震設,,慧建,障礙,贈公,,總獎勵額度,52,,
,,,,容3,,,,建築,,,,模獎,,52,,
,,,,,估,縮,計,,築,設計,設地,,,52,,
,,,,,,,,,,,,勵,,52,,
728,564 信義區,雅祥段四小段78地號等土地臺北市信義區永吉路,,111/9/15,8,8,10,6,,,,9.5,39.5,52,,
729,1093.67 內湖區,文德段一小段223-30地號等土地 臺北市內湖區內湖路二段,,111/9/20,6,10,2,6,6,,,10,40,52,,
730,325 北投區,溫泉段四小段620地號等土地臺北市北投區大興街,,111/9/23,8,,10,6,,4,,8.5,36.5,52,,
731,198 松山區,寶清段二小段205-6地號等土地 臺北市松山區八德路四段,失其效力,111/9/23,8,,10,6,4,3,,6,36,52,,
732,605 萬華區,漢中段二小段93地號等土地臺北市萬華區貴陽街二段,,111/9/27,8,,2,,6,,,10,26,52,,
733,370 內湖區,康寧段四小段97地號等土地臺北市內湖區康寧路一段,,111/9/27,8,8,10,,4,,,8.5,38.5,52,,
734,259 中正區,永昌段五小段158地號等土地臺北市中正區詔安街,,111/9/27,8,,10,6,6,,,6,36,52,,
735,1982 大安區,懷生段三小段436地號等土地臺北市大安區忠孝東路三段,,111/9/27,8,8,10,6,,,,10,40,52,,
736,794 松山區,寶清段二小段122地號等土地臺北市松山區南京東路五段,,111/9/28,8,,4,6,,3,,10,31,52,,
737,333.27 士林區,天玉段三小段380地號等土地臺北市士林區天母東路,,111/9/30,8,8,2,6,6,,,8.5,38.5,52,,
738,252 內湖區,大湖段二小段2-1地號等土地臺北市內湖區大湖山莊,失其效力,111/9/30,6,,10,4,6,4,,8,38,52,,
739,661 大安區,懷生段一小段422地號等土地臺北市大安區忠孝東路,,111/9/30,8,,2,6,6,3,5,10,40,52,,
740,243.78 大安區,金華段二小段353地號等土地臺北市大安區和平東路一段,,111/10/410,8,,2,6,,4,,8,38,52,,
741,443 大同區,橋北段二小段391地號等土地臺北市大同區伊寧街,失其效力,111/10/4,8,8,10,,4,,,9,39,52,,
,,,,,,,容積獎勵項目及額度(%)-依核准函為準,,,,,,,53,,
案件,,,,,,,,,,,,時程,,53,,
,基地面積(㎡)行政區,地段地號,門牌地址,備註,核准日期,4結,5基,6耐,8智,9無,10捐,,,53,,
數,,,,,,原容大於法,,,7綠,,,+規,,53,,
,,,,,,構評,地退,震設,慧建,障礙,贈公,,總獎勵額度,53,,
,,,,,容3,,,,建築,,,模獎,,53,,
,,,,,,估,縮,計,築,設計,設地,,,53,,
,,,,,,,,,,,,勵,,53,,
742,361 大安區,復興段三小段869地號等土地,臺北市大安區復興南路一段,,111/10/4,6,,2,2,3,,8.5,21.5,53,,
743,495.35 中山區,長春段一小段836地號等土地,臺北中山區長春路,,111/10/4,10,,10,,,,6.5,26.5,53,,
744,451 中山區,正義段二小段306地號等土地,臺北市中山區林森北路,失其效力,111/10/410,8,10,2,,,,9,39,53,,
745,542 中山區,長安段一小段307地號等土地,臺北市中山區長安東路二段,失其效力,111/10/4,6,8,4,66,,,9.5,39.5,53,,
746,74 文山區,萬慶段二小段284地號等土地,臺北市文山區溪口街,失其效力,111/10/4,8,,,,,,6,14,53,,
747,249 信義區,吳興段一小段404地號等土地,臺北市信義區吳興街,,111/10/4,8,,4,88,,,6,34,53,,
748,271 中山區,吉林段五小段114地號等土地,臺北市中山區新生北路二段,失其效力,111/10/7,8,,10,66,,,8,38,53,,
749,292 萬華區,莒光段二小段109-3地號等土地 臺北市萬華區大埔街,,失其效力,111/10/18,8,,10,6,,,8.5,32.5,53,,
750,96 信義區,永吉段一小段541地號等土地,臺北市信義區忠孝東路五段,,111/10/18,8,,,,,,6,14,53,,
751,840 信義區,永春段一小段151地號等土地,臺北市信義區虎林街,,111/10/18,8,8,2,66,,,4,34,53,,
752,324 文山區,興隆段三小段435地號等土地,臺北市文山區萬盛街,,111/10/18,8,,,,,,8.5,16.5,53,,
753,289 大安區,復興段三小段872地號等土地,臺北市大安區信義路四段,,111/10/20,8,8,10,4,,,8,38,53,,
754,1530 中正區,公園段二小段129地號等土地,臺北市中正區襄陽路,,111/10/25,8,,10,,,,10,28,53,,
755,113 文山區,景美段五小段568地號等土地,臺北市文山區景美段,,111/10/31,8,,2,,,,6,16,53,,
數,,,,,,原容大於法,,,,7綠,,,,54,+規,
,,,,,,,構評,地退,震設,,慧建,障礙,贈公,54,,總獎勵額度
,,,,,,容3,,,,建築,,,,54,模獎,
,,,,,,,估,縮,計,,築,設計,設地,54,,
,,,,,,,,,,,,,,54,勵,
756,495 北投區,開明段一小段470地號等土地,臺北市北投區復興四路,,111/10/31,,6,8,10,,2,3,,54,9,38
,,,,,,,,,,,,,,54,,410.88%
757,1888 中山區,吉林段一小段484地號等土地,臺北市中山區松江路,,111/10/31,10456.78,8,8,10,6,,,,54,10,
,,,,,,,,,,,,,,54,,原容1.15
758,536 中正區,永昌段一小段450地號等土地,臺北市中正區水源路,,111/11/2,,8,8,2,6,6,,,54,9.5,39.5
759,1310 大安區,龍泉段二小段148-1地號等土地 臺北市大安區泰順街,,,111/11/3,,8,10,2,6,,4,,54,10,40
760,706 內湖區,東湖段二小段30-4地號等土地,臺北市內湖區東湖段,失其效力,111/11/3,,8,8,2,6,6,,,54,10,40
761,284 中山區,吉林段三小段188地號等土地,臺北市中山區新生北路二段,,111/11/3,,8,8,4,4,,3,,54,6,33
762,268 大同區,雙連段二小段670-1地號等土地 臺北市大同區涼州街,,,111/11/7,,8,,,,,,,54,6,14
763,555 信義區,三興段二小段95地號等土地,臺北市信義區吳興街,失其效力,111/11/8,,6,,10,6,8,,,54,9.5,39.5
764,723 信義區,雅祥段四小段278-2地號等土地 臺北市信義區基隆路一段,,,111/11/28,,8,,10,6,6,,,54,8.5,38.5
765,471 大安區,復興段三小段787地號等土地,臺北市大安區復興南路一段,,111/11/30,,8,8,4,6,,4,,54,9,39
766,193 大安區,學府段四小段46地號等土地,臺北市大安區新生南路三段,,111/12/1,,8,,10,2,6,3,,54,6,35
767,308 大安區,龍泉段二小段171地號等土地,臺北市大安區泰順街,失其效力,111/12/1,,8,8,10,4,,,,54,8.5,38.5
768,866 中正區,永昌段四小段369地號等土地,臺北市中正區南海路,,111/12/1,,8,8,2,6,6,,,54,9,39
,,,,,,,,,,,,,,54,,194.73%
769,112 中正區,中正段三小段79-2地號等土地,臺北市中正區林森南路,失其效力,111/12/5,399.54,8,,6,4,4,,,54,6,
,,,,,,,,,,,,,,54,,原容1.15
數,,,,原容大於法,,,7綠,,,,+規,,,55,,
,,,,構評,地退,震設,,慧建,障礙,贈公,,總獎勵額度,,55,,
,,,容3,,,,建築,,,,模獎,,,55,,
,,,,估,縮,計,,築,設計,設地,,,,55,,
,,,,,,,,,,,勵,,,55,,
770,688 北投區,新民段二小段543地號等土地臺北市北投區中山路,111/12/9,8,,10,6,6,,,10,40,,55,,
771,598 北投區,文林段三小段328-1地號等土地 臺北市北投區建民路,111/12/19,8,8,2,6,6,,,9.5,39.5,,55,,
772,3663 中正區,城中段三小段23地號等土地臺北市中正區寶慶路,失其效力111/12/26,8,,10,,,,,10,28,,55,,
773,449 內湖區,碧湖段四小段897-3地號等土地 臺北市內湖區環山路二段,112/1/3,8,8,4,8,,,,9,37,,55,,
774,207 大同區,雙連段一小段555地號等土地臺北市大同區萬全街,112/1/3,8,,2,,,3,,8,21,,55,,
775,474 大安區,懷生段四小段384地號等土地臺北市大安區新生南路一段,112/1/3,8,,10,6,6,,,9,39,,55,,
776,2356 士林區,福順段一小段309地號等土地臺北市士林區重慶北路四段,112/1/4,8,8,4,6,,3,,10,39,,55,,
777,725 大安區,通化段五小段40地號等土地臺北市大安區文昌街,112/1/7,8,,10,6,6,,,10,40,,55,,
778,520 士林區,福順段三小段10地號等土地臺北市士林區重慶北路四段,112/1/7,8,8,2,6,6,,,9.5,39.5,,55,,
779,943.58 士林區,至善段五小段405地號等土地臺北市士林區至善段二小段,112/1/13,8,8,10,6,,,,10,40,,55,,
780,208 士林區,永新段四小段352地號等土地臺北市士林區延平北路六段,112/1/16,8,,2,6,4,,,8,28,,55,,
781,1129 大安區,大安段一小段404地號等土地臺北市大安區信義路四段,112/1/16,8,8,2,6,6,,,10,40,,55,,
782,891 內湖區,碧湖段四小段189地號等土地臺北市內湖區環山路二段,112/1/19,8,8,2,6,6,,,9,39,,55,,
,,臺北市士林區岩山里至誠路一,,,,,,,,,,,,55,,
783,461 士林區,芝山段一小段677地號等土地,112/1/31,8,8,2,,,,,9,27,,55,,
,,段,,,,,,,,,,,,55,,
數,,,,,原容大於法,,,7綠,,,,+規,,56,,
,,,,,構評,地退,震設,,慧建,障礙,贈公,,總獎勵額度,56,,
,,,,容3,,,,建築,,,,模獎,,56,,
,,,,,估,縮,計,,築,設計,設地,,,56,,
,,,,,,,,,,,,勵,,56,,
784,1664 大安區,龍泉段二小段14地號等土地,臺北市大安區和平東路一段失其效力,112/2/2,6,10,2,6,6,,,10,40,56,,
785,623 大同區,大同段一小段248地號等土地,臺北市大同區承德路三段,112/2/2,8,,10,6,6,,,8,38,56,,
786,824.7 大同區,市府段二小段712-2地號等土地 臺北市大同區重慶北路一段,,112/2/2,4,,10,8,,3,,10,35,56,,
787,1134 大安區,大安段三小段389地號等土地,臺北市大安區和平東路二段,112/2/2,8,,10,6,6,,,10,40,56,,
788,1287 松山區,寶清段一小段569地號等土地,臺北市松山區南京東路五段,112/11/7,8,,10,6,6,,,10,40,56,,
789,1189 文山區,萬慶段一小段419-3地號等土地 臺北市文山區溪口街,,112/2/3,8,,10,6,6,,,10,40,56,,
790,191 萬華區,直興段三小段115地號等土地,臺北市萬華區貴陽街二段失其效力,112/2/3,8,,,,,,,6,14,56,,
791,160 文山區,博嘉段三小段608地號等土地,臺北市文山區和平東路四段,112/2/9,8,,2,4,,,,4,18,56,,
792,482 大同區,大龍段三小段43地號等土地,臺北市大同區承德路三段失其效力,112/2/9,8,,10,6,6,,,9,39,56,,
793,2167.84 內湖區,石潭段三小段445地號等土地,臺北市內湖區成功路二段,112/2/9,8,8,2,6,6,,,10,40,56,,
794,244 內湖區,碧湖段三小段253地號等土地,臺北市內湖區麗山街失其效力,112/2/9,8,,10,6,6,,,6,36,56,,
795,1646 士林區,福順段一小段407地號等土地,臺北市士林區重慶北路四段,112/2/10,8,10,4,6,,3,,10,40,56,,
796,526.23 大同區,玉泉段一小段539地號等土地,臺北市大同區華亭街,112/2/20,8,,2,6,6,,,10,32,56,,
797,185 大同區,橋北段三小段504地號等土地,臺北市大同區伊寧街,112/2/22,8,,,,,,,6,14,56,,
,,,,,,,,容積獎勵項目及額度(%)-依核准函為準,,,,,,57,,
案件,,,,,,,,,,,,,,57,時程,
,基地面積(㎡)行政區,地段地號,門牌地址,備註,核准日期,,4結,5基,6耐,,8智,9無,10捐,57,,
數,,,,,,原容大於法,,,,7綠,,,,57,+規,
,,,,,,,構評,地退,震設,,慧建,障礙,贈公,57,,總獎勵額度
,,,,,,容3,,,,建築,,,,57,模獎,
,,,,,,,估,縮,計,,築,設計,設地,57,,
,,,,,,,,,,,,,,57,勵,
798,2118 北投區,溫泉段一小段371地號等土地,臺北市北投區光明路,,112/2/22,9690.76,8,,,,,,,57,10,18
799,2252 中山區,吉林段三小段136地號等土地,臺北市中山區民權東路二段,,112/2/24,,8,,10,6,6,,,57,10,40
800,336 北投區,奇岩段三小段18地號等土地,臺北市北投區奇岩里公館路,,112/3/15,,8,10,2,,,,,57,10,30
801,706 中山區,中山段三小段277地號等土地,臺北市中山區民生東路一段,,112/3/16,,8,,10,6,6,,,57,9.5,39.5
802,163 士林區,三玉段五小段199地號等土地,臺北市士林區德行東路,失其效力,112/3/16,,8,,10,4,,3,,57,4,29
803,271 大安區,通化段三小段721地號等土地,臺北市大安區樂利路,,112/3/22,,8,8,2,6,6,,,57,8,38
804,181.85 中山區,長春段一小段776地號等土地,臺北市中山區遼寧街,,112/3/24,,8,,6,6,6,4,,57,4,34
805,1048 中山區,長春段一小段462地號等土地,臺北市中山區長春路,,112/3/25,,8,,10,,6,,,57,10,34
806,578 士林區,天母段三小段42地號等土地,臺北市士林區天母北路,,112/3/30,,8,,10,6,6,,,57,7.5,37.5
807,177 中山區,長安段三小段588地號等土地,臺北市中山區吉林路,失其效力,112/3/30,,8,,10,6,6,,,57,4,34
808,1990 中山區,中山段三小段795地號等土地,臺北市中山區中山北路二段,,112/3/30,,8,8,2,6,6,,,57,10,40
809,701 中山區,吉林段二小段227地號等土地,臺北市中山區松江路,,112/4/6,,8,,10,6,6,,,57,8.5,38.5
810,361 士林區,陽明段二小段524地號等土地,臺北市士林區文林路,,112/4/10,,8,,10,6,6,,,57,6.5,36.5
811,720 北投區,新民段三小段62地號等土地,臺北市北投區珠海路,失其效力,112/4/10,,8,8,2,6,6,,,57,8.5,38.5
數,,,,,原容大於法,,,,7綠,,,,+規,58,,
,,,,,,構評,地退,震設,,慧建,障礙,贈公,,58,總獎勵額度,
,,,,,容3,,,,建築,,,,模獎,58,,
,,,,,,估,縮,計,,築,設計,設地,,58,,
,,,,,,,,,,,,,勵,58,,
812,1294 士林區,芝山段二小段763地號等土地臺北市士林區中山北路六段,,112/4/13,,8,10,2,6,4,,,10,58,40,
813,101 大同區,延平段三小段90地號等土地臺北市大同區安西街,失其效力,112/4/25,,8,,10,6,6,,,6,58,36,
814,706 文山區,木柵段一小段410地號等土地臺北市文山區三段,,112/4/27,,8,,10,6,6,,,8,58,38.5,
815,158 大同區,玉泉段一小段123地號等土地臺北市大同區天水路,失其效力,112/5/4,,8,,2,,,,2.58,6,58,18.58,
816,1130 中正區,中正段二小段552地號等土地臺北市中正區杭州南路一段,,112/5/9,,8,8,2,6,6,,,7,58,37,
817,1018 萬華區,龍山段二小段238地號等土地臺北市萬華區和平西路三段,,112/5/16,,8,8,2,8,,,5,10,58,40,
818,632 北投區,大業段三小段583地號等土地臺北市北投區大業路,,112/5/16,,8,8,2,6,6,,,8,58,38,
819,267 內湖區,碧湖段四小段166地號等土地臺北市內湖區環山路二段,,112/5/16,,8,,10,6,,,,6,58,30,
820,1624 內湖區,東湖段六小段240地號等土地臺北市內湖區康寧段三段,失其效力,112/5/23,,8,8,2,6,6,,,10,58,40,
821,1533.2 松山區,敦化段一小段698-1地號等土地 臺北市松山區慶城街,,112/5/23,,8,8,2,6,6,,,10,58,40,
822,332 中山區,德惠段二小段990地號等土地臺北市中山區松江路,,112/5/26,,8,,10,6,6,,,8.5,58,38.5,
823,554 大安區,瑞安段二小段513地號等土地臺北市大安區復興南路二段,,112/5/26,,8,,10,6,6,,,6.5,58,36.5,
824,1487 文山區,華興段三小段52地號等土地臺北市文山區木柵路一段,,112/5/30,,8,8,2,6,6,,,10,58,40,
825,61 中正區,中正段二小段171地號等土地臺北市中正區信義路二段,,112/5/31,,8,,2,,2,,3.39,4,58,19.39,
數,,,,,,原容大於法,,,,7綠,,,,59,+規,
,,,,,,,構評,地退,震設,,慧建,障礙,贈公,59,,總獎勵額度
,,,,,,容3,,,,建築,,,,59,模獎,
,,,,,,,估,縮,計,,築,設計,設地,59,,
,,,,,,,,,,,,,,59,勵,
826,330.68 內湖區,康寧段一小段330地號等土地,臺北市內湖區大湖街,,112/6/2,,8,8,4,4,6,,,59,6.5,36.5
827,187 內湖區,碧湖段四小段165地號等土地,臺北市內湖區環山路二段,,112/6/7,,8,,10,6,4,,,59,4,32
828,351.61 內湖區,碧湖段二小段701地號等土地,臺北市內湖區內湖路二段,,112/6/13,,8,,10,,,,,59,6.5,24.5
829,93 萬華區,青年段一小段682地號等土地,臺北市萬華區萬大路,,112/6/21,,8,,2,2,,,,59,4,16
830,1332 士林區,光華段四小段535地號等土地,臺北市士林區小西街,,112/6/21,,8,8,2,6,6,,,59,10,40
831,114 士林區,三玉段三小段374地號等土地,臺北市士林區中山北路六段,失其效力,112/6/21,,8,,2,4,4,,,59,4,22
832,507.76 北投區,開明段二小段541地號等土地,臺北市北投區永興路,,112/6/21,,8,8,2,8,,4,,59,7.5,37.5
833,900 大同區,大同段二小段535地號等土地,臺北市大同區大龍街,,112/6/28,,8,8,10,,6,,,59,9.5,39.5
834,181 中山區,正義段一小段355地號等土地,臺北市中山區長安東路一段,,112/7/3,,8,,6,6,6,,,59,4,30
835,168 大同區,橋北段三小段559地號等土地,臺北市大同區延平北路三段,,112/7/6,,8,,2,,,,,59,4,14
836,100.4 內湖區,石潭段三小段589地號等土地,臺北市內湖區成功路二段,失其效力,112/7/7,,8,,,,,,,59,4,12
837,728.35 北投區,崇仰段四小段511地號等土地,臺北市北投區東華街二段,失其效力,112/7/17,,8,10,2,6,,4,,59,8.5,38.5
,,,,,,,,,,,,,,59,,93.2%
838,744 中山區,長安段三小段433地號等土地,臺北市中山區松江路,,112/7/17,2656.61,8,8,10,,,,,59,8.5,
,,,,,,,,,,,,,,59,,原容1.15
839,181 中山區,正義段一小段353地號等土地,臺北市中山區長安東路一段,,112/7/18,,8,,2,6,,,,59,4,20
,,,,,,,,容積獎勵項目及額度(%)-依核准函為準,,,,,,60,,
案件,,,,,,,,,,,,,,60,時程,
,基地面積(㎡)行政區,地段地號,門牌地址,備註,核准日期,,4結,5基,6耐,,8智,9無,10捐,60,,
數,,,,,,原容大於法,,,,7綠,,,,60,+規,
,,,,,,,構評,地退,震設,,慧建,障礙,贈公,60,,總獎勵額度
,,,,,,容3,,,,建築,,,,60,模獎,
,,,,,,,估,縮,計,,築,設計,設地,60,,
,,,,,,,,,,,,,,60,勵,
840,237 中正區,成功段一小段159地號等土地,臺北市中正區紹興北街,失其效力,112/7/18,10,8,,10,,,,,60,6,34
841,431 中山區,長安段二小段114地號等土地,臺北市中山區長安東路二段,,112/7/18,,8,,10,6,6,,,60,4,34
842,278 信義區,雅祥段四小段150地號等土地,臺北市信義區基隆路一段,,112/7/18,,8,,2,6,,,,60,6,22
,,,,,,,,,,,,,,60,,44.87%
843,1502 中山區,中山段二小段486地號等土地,臺北市中山區中山北路二段,,112/7/20,3838.08,8,,10,6,6,,,60,10,
,,,,,,,,,,,,,,60,,原容1.15
,,,臺北市中山區民權東路二段,,,,,,,,,,,60,,
844,196 中山區,吉林段一小段278地號等土地,,,112/7/21,,8,,4,8,6,4,,60,4,34
,,,278、279地號等2筆土地,,,,,,,,,,,60,,
,,,臺北市北投區大屯路173、175,,,,,,,,,,,60,,
845,428.8 北投區,開明段一小段173地號等土地,,失其效力,112/7/24,,8,8,2,4,,3,5,60,9,39
,,,地號等2筆土地,,,,,,,,,,,60,,
846,400 士林區,三玉段四小段524地號等土地,臺北市士林區中山北路六段,失其效力,112/7/24,,8,,10,8,,3,,60,7,36
847,944.44 士林區,蘭雅段三小段359地號等土地,臺北市士林區文昌路,,112/7/25,,8,8,2,6,6,,,60,9.5,39.5
848,245 松山區,寶清段四小段397地號等土地,臺北市松山區南京東路五段,,112/7/25,,8,,10,6,4,3,,60,6,36
849,903.26 士林區,至善段五小段402地號等土地,臺北市士林區仰德大道一段,,112/7/28,,6,,10,8,6,,,60,10,40
850,1187 中正區,臨沂段三小段2地號等土地,臺北市中正區新生南路一段,,112/7/31,,8,8,10,6,,,,60,10,40
851,1350 士林區,福林段一小段97地號等土地,臺北市士林區福林路,,112/8/2,,8,8,2,8,,4,,60,10,40
852,1341 松山區,延吉段三小段727地號等土地,臺北市松山區敦化南路一段,失其效力,112/8/2,9275.16,8,,10,6,6,,,60,10,40
853,580.22 文山區,華興段四小段789地號等土地,臺北市文山區試院路,,112/8/7,,6,8,10,6,,,,60,7.5,37.5
,,,,,,,,容積獎勵項目及額度(%)-依核准函為準,,,,,,61,,
案件,,,,,,,,,,,,,,61,時程,
,基地面積(㎡)行政區,地段地號,門牌地址,備註,核准日期,,4結,5基,6耐,,8智,9無,10捐,61,,
數,,,,,,原容大於法,,,,7綠,,,,61,+規,
,,,,,,,構評,地退,震設,,慧建,障礙,贈公,61,,總獎勵額度
,,,,,,容3,,,,建築,,,,61,模獎,
,,,,,,,估,縮,計,,築,設計,設地,61,,
,,,,,,,,,,,,,,61,勵,
854,261 大同區,橋北段一小段505地號等土地,臺北市大同區迪化街二段,,112/8/15,,8,,,,,,,61,6,14
855,1883 信義區,犁和段二小段470地號等土地,臺北市信義區富陽街,失其效力,112/8/15,,8,8,10,6,,,,61,10,40
856,179 北投區,溫泉段四小段509地號等土地,臺北市北投區清江路,,112/8/15,,8,,4,6,,,5,61,4,27
857,592 大同區,雙連段二小段590地號等土地,臺北市大同區寧夏路,,112/8/23,,8,,10,6,6,,,61,7,37
858,409 萬華區,漢中段二小段674地號等土地,臺北市萬華區內江街,,112/8/23,,8,,2,2,,,,61,7,19
859,164 大安區,金華段二小段907地號等土地,臺北市大安區金山南路二段,,112/8/23,10,8,,10,2,,,,61,3.7,33.7
860,568 萬華區,雙園段三小段11地號等土地,臺北市萬華區西園路二段,失其效力,112/8/23,10,6,8,4,6,,,,61,7.5,37.5
861,213.6 中山區,長安段二小段580-1地號等土地 臺北市中山區安東街,,,112/8/30,,8,,10,6,4,,,61,8,36
,,,,,,,,,,,,,,61,,28%
862,283 士林區,百齡段四小段156-2地號等土地 臺北市士林區通河東街一段,,,112/8/30,931.55,8,,10,4,,,,61,6,
,,,,,,,,,,,,,,61,,原容1.15
863,1022 中正區,河堤段六小段499地號等土地,臺北市中正區廈門街,,112/8/30,,8,,10,6,6,,,61,10,40
864,381 中正區,福和段一小段427-1地號等土地 臺北市中正區羅斯福路三段,,,112/8/30,,8,8,2,4,,3,5,61,6.5,36.5
865,505 松山區,延吉段一小段581地號等土地,臺北市松山區光復南路,失其效力,112/8/30,,8,8,10,6,,,,61,7.5,37.5
866,648 中正區,公園段二小段652地號等土地,臺北市中正區漢口街一段,失其效力,112/8/30,,8,,10,6,6,,,61,8,38
867,202 中正區,南海段二小段243地號等土地,臺北市中正區南昌路二段,,112/8/30,,8,,2,8,6,,,61,6,30
數,,,,,,原容大於法,,,,7綠,,,,62,+規,
,,,,,,,構評,地退,震設,,慧建,障礙,贈公,62,,總獎勵額度
,,,,,,容3,,,,建築,,,,62,模獎,
,,,,,,,估,縮,計,,築,設計,設地,62,,
,,,,,,,,,,,,,,62,勵,
868,372 北投區,新民段三小段60地號等土地,臺北市北投區翠嶺路,失其效力,112/8/30,,8,8,2,6,6,,,62,6.5,36.5
869,275 中正區,南海段一小段257地號等土地,臺北市中正區杭州南路二段,,112/9/6,356.6,8,,2,,,,,62,6,16
870,556 大安區,復興段一小段434-1地號等土地 臺北市大安區復興南路一段,,,112/9/6,,8,8,10,,,,4,62,7.37,37.37
,,,臺北市中正區新生南路一段連,,,,,,,,,,,62,,
871,674 中正區,臨沂段三小段23地號等土地,,,112/9/6,10,8,8,2,,,3,,62,8,38
,,,雲街,,,,,,,,,,,62,,
872,1150 文山區,公訓段二小段123地號等土地,臺北市文山區興德路,,112/9/15,,6,,4,8,8,4,,62,10,40
873,386.33 士林區,華岡段三小段745地號等土地,臺北市士林區中庸一路,失其效力,112/9/23,,8,8,2,,,,,62,6.5,24.5
874,509.27 士林區,天山段二小段278地號等土地,臺北市士林區中山北路七段,,112/9/23,,8,,10,6,6,,,62,7.5,37.5
875,397 大同區,橋北段三小段684地號等土地,臺北市大同區民權西路伊寧街,,112/9/23,,8,,10,6,6,,,62,6.5,36.5
876,1122 中正區,臨沂段三小段464地號等土地,臺北市中正區信義路二段,,112/9/26,,8,,10,6,6,,,62,10,40
877,231 松山區,寶清段三小段175地號等土地,臺北市松山區南京東路五段,,112/9/26,,8,,10,6,,3,3,62,6,36
,,,臺北市萬華區貴陽街二段中華,,,,,,,,,,,62,,
878,676 萬華區,漢中段二小段76地號等土地,,失其效力,112/9/26,8,,,2,6,,,,62,8,24
,,,路一段,,,,,,,,,,,62,,
879,431 信義區,吳興段三小段48地號等土地,臺北市信義區景雲街,,112/9/26,,8,,2,6,6,,,62,5,27
880,916 士林區,三玉段五小段699地號等土地,臺北市士林區中山北路六段,,112/10/13,,8,8,10,6,,,,62,9.5,39.5
881,278.53 文山區,萬芳段三小段796-2地號等土地 臺北市文山區興隆路四段,,,112/10/27,,6,,4,,,,,62,6,16
數,,,,,原容大於法,,,,7綠,,,,+規,63,,
,,,,,,構評,地退,震設,,慧建,障礙,贈公,,63,總獎勵額度,
,,,,,容3,,,,建築,,,,模獎,63,,
,,,,,,估,縮,計,,築,設計,設地,,63,,
,,,,,,,,,,,,,勵,63,,
882,332.74 中正區,公園段二小段120地號等土地臺北市中正區南陽街,,112/10/27,,8,,10,6,2,,4.9,6.5,63,36.5,
883,800 中山區,吉林段四小段14地號等土地臺北市中山區民生東路二段,,112/11/3,,8,8,2,6,6,,,6,63,36,
884,591 信義區,虎林段四小段517地號等土地臺北市信義區永吉路,,112/11/6,,8,8,10,6,,,,7.5,63,37.5,
885,105 中山區,中山段三小段415地號等土地臺北市中山區中山北路二段,,112/11/13,,8,,10,6,6,,,6,63,36,
886,168 萬華區,萬華段一小段516-2地號等土地 臺北市萬華區昆明街,,112/11/13,,8,,10,6,4,3,,3.5,63,33.5,
887,493 信義區,祥和段三小段225地號等土地臺北市信義區五段,,112/11/16,10,8,8,2,2,,,,7,63,37,
888,172 中山區,長春段二小段820地號等土地臺北市中山區建國北路二段,失其效力,112/11/22,,8,,4,6,,3,,4,63,25,
,,南港段二小段598-1、602-1、台北市南港區南港路一段287巷,,,,,,,,,,,,63,,
889,716 南港區,,失其效力,112/11/29,,8,8,4,8,,3,,2,63,33,
,,603地號等3筆土地地號等土地2弄12號,,,,,,,,,,,,63,,
890,507 中山區,長安段三小段722地號等土地臺北市中山區吉林路,,112/12/4,,6,10,2,6,6,,,5.5,63,35.5,
891,322 松山區,美仁段二小段613地號等土地臺北市松山區南京東路四段,,112/12/5,,8,,2,8,6,,,6.5,63,30.5,
,,,,,,,,,,,,,,63,87.09%,
892,316 中正區,中正段一小段17地號等土地臺北市中正區泰安街,,112/12/6,1113.42,8,8,4,,,4,,6.5,63,,
,,,,,,,,,,,,,,63,原容1.15,
893,493 南港區,中南段一小段251地號等土地臺北市南港區中南街,,112/12/6,,8,8,10,4,,,,4,63,34,
894,612.24 士林區,華岡段四小段29地號等土地臺北市士林區仁民路,失其效力,112/12/6,,8,8,2,6,6,,,8,63,38,
895,96 大同區,雙連段二小段660地號等土地臺北市大同區寧夏街,失其效力,112/12/11,,8,,10,6,6,,,2,63,32,
,,,,,,,,容積獎勵項目及額度(%)-依核准函為準,,,,,,64,,
案件,,,,,,,,,,,,,,64,時程,
,基地面積(㎡)行政區,地段地號,門牌地址,備註,核准日期,,4結,5基,6耐,,8智,9無,10捐,64,,
數,,,,,,原容大於法,,,,7綠,,,,64,+規,
,,,,,,,構評,地退,震設,,慧建,障礙,贈公,64,,總獎勵額度
,,,,,,容3,,,,建築,,,,64,模獎,
,,,,,,,估,縮,計,,築,設計,設地,64,,
,,,,,,,,,,,,,,64,勵,
896,148 北投區,奇岩段三小段74地號等土地,臺北市北投區公館路,,112/12/15,,6,,4,6,2,,,64,2,20
897,693.16 北投區,崇仰段二小段447地號等土地,臺北市北投區奇岩路,,112/12/15,,8,8,2,6,6,,,64,10,40
898,549 大同區,橋北段二小段343地號等土地,臺北市大同區伊寧街、昌吉街,,112/12/15,,8,,10,6,6,,,64,7.5,37.5
,,,臺北市中正區忠孝東路二段、,,,,,,,,,,,64,,
899,585 中正區,臨沂段一小段455地號等土地,,,112/12/15,,8,,10,6,6,,,64,7.5,37.5
,,,杭州南路一段,,,,,,,,,,,64,,
900,77 大同區,大龍段一小段361地號等土地,臺北市大同區庫倫街,失其效力,112/12/22,,8,,,,,,,64,4,12
901,783 南港區,玉成段四小段710地號等土地,臺北市南港區東新街,,112/12/26,,8,8,10,6,,,,64,7.38,39.38
902,486 中正區,成功段一小段52地號等土地,臺北市中正區八德路一段,失其效力,112/12/26,,8,,2,10,10,,,64,7,37
903,395 大安區,懷生段三小段509地號等土地,臺北市大安區仁愛路三段,失其效力,112/12/27,,8,8,6,4,,4,,64,6.5,36.5
904,583 大同區,大龍段三小段625地號等土地,台北市大同區重慶北路三段,,113/1/11,,8,8,,,,,,64,7.5,23.5
905,418 文山區,興泰段一小段78地號等土地,臺北市文山區辛亥路四段,,113/1/11,,8,,4,8,2,3,,64,5,30
,,,,,,,,,,,,,,64,,49.84%
906,365 士林區,三玉段五小段512地號等土地,臺北市士林區中山北路六段,失其效力,113/1/11,1029.39,8,8,4,,,,,64,4.5,
,,,,,,,,,,,,,,64,,原容1.15
907,108 大安區,大安段一小段57地號等土地,臺北市大安區四維路,,113/1/11,,8,,10,6,6,,,64,2,32
908,1279.45 士林區,福林段三小段475-1地號等土地 臺北市士林區中山北路五段,,,113/1/16,,8,,10,8,4,,,64,10,40
909,305 內湖區,康寧段一小段115地號等土地,臺北市內湖區大湖山莊,,113/1/23,,6,10,4,6,4,,,64,4.5,34.5
,,,,,,,,容積獎勵項目及額度(%)-依核准函為準,,,,,,65,,
案件,,,,,,,,,,,,,,65,時程,
,基地面積(㎡)行政區,地段地號,門牌地址,備註,核准日期,,4結,5基,6耐,,8智,9無,10捐,65,,
數,,,,,,原容大於法,,,,7綠,,,,65,+規,
,,,,,,,構評,地退,震設,,慧建,障礙,贈公,65,,總獎勵額度
,,,,,,容3,,,,建築,,,,65,模獎,
,,,,,,,估,縮,計,,築,設計,設地,65,,
,,,,,,,,,,,,,,65,勵,
910,2546.88 北投區,桃源段五小段404地號等土地,台北市北投區中央北路四段,,113/1/26,,8,8,2,6,6,,,65,10,40
911,598 北投區,新民段三小段69地號等土地,臺北市北投區珠海路,,113/1/30,,8,8,2,6,,3,2.68,65,5.5,35.18
912,827.67 內湖區,碧湖段四小段10-3地號等土地,台北市內湖區麗山街,失其效力,113/1/31,,6,10,,,,,,65,7,23
913,428 萬華區,萬華段二小段921地號等土地,臺北市萬華區西園路一段,,113/2/6,,8,,10,6,6,,,65,9,39
,,,,北投大飯,,,,,,,,,,65,,
914,1415 北投區,溫泉段一小段169地號等土地,臺北市北投區光明路,店-失其,113/2/2,,8,,10,6,6,,,65,10,40
,,,,效力,,,,,,,,,,65,,
,,,臺北市萬華區峨嵋街、環河南,,,,,,,,,,,65,,
915,264 萬華區,福星段四小段199地號等土地,,,113/2/6,,8,,,,,,,65,4,12
,,,路一段,,,,,,,,,,,65,,
916,345 文山區,政大段三小段423地號等土地,臺北市文山區新光路一段,,113/3/6,,8,,10,6,,4,,65,6.5,34.5
917,263 松山區,寶清段七小段342地號等土地,臺北市松山區饒河街,,113/3/15,,8,,6,8,8,,,65,6,36
918,467 大同區,玉泉段一小段236地號等土地,台北市大同區天水路,,113/3/18,,8,,10,6,6,,,65,7,37
919,163 北投區,大業段二小段57地號等土地,臺北市北投區光明路,,113/3/20,,8,,4,2,2,3,5,65,4,28
920,585 內湖區,康寧段一小段23地號等土地,臺北市內湖區大湖山莊街,,113/3/20,,8,10,2,6,,3,,65,5.5,34.5
921,210 中山區,德惠段三小段94地號等土地,台北市中山區民族東路,,113/4/1,,8,,,,,,,65,6,14
922,240 大安區,金華段三小段13地號等土地,臺北市大安區信義路二段,,113/4/1,,8,,10,6,,,,65,4,28
923,519 內湖區,碧湖段三小段111地號等土地,臺北市內湖區內湖路二段,,113/4/12,,8,8,2,6,6,,,65,9.5,39.5
數,,,,,,原容大於法,,,,7綠,,,,66,+規,
,,,,,,,構評,地退,震設,,慧建,障礙,贈公,66,,總獎勵額度
,,,,,,容3,,,,建築,,,,66,模獎,
,,,,,,,估,縮,計,,築,設計,設地,66,,
,,,,,,,,,,,,,,66,勵,
924,269.91 文山區,萬芳段四小段80地號等土地,臺北市文山區和平東路四段,,113/4/12,,8,,4,6,,3,,66,6,27
925,306 信義區,吳興段二小段394地號等土地,臺北市信義區吳興街,失其效力,113/4/19,,8,,4,6,4,3,,66,6,31
926,251 松山區,西松段二小段556地號等土地,臺北市松山區南京東路五段,,113/4/19,,8,,10,4,2,,,66,6,30
927,568.68 中山區,長安段四小段181-1地號等土地 臺北市中山區松江路,,,113/4/19,,8,,10,6,6,,,66,5.5,35.5
928,386 北投區,新民段二小段144地號等土地,臺北市北投區翠嶺路,,113/4/19,,8,8,2,6,,,,66,4.5,28.4
929,4398.32 北投區,奇岩段一小段189地號等土地,臺北市北投區公館路,,113/4/25,,6,10,10,,,5,,66,10,40
930,320 中山區,正義段三小段499地號等土地,臺北市中山區天津街,,113/5/1,,8,,2,8,8,,,66,4.5,30.5
931,493 中山區,中山段二小段34地號等土地,臺北市中山區中山北路三段,,113/5/2,,8,,10,4,4,4,,66,7,37
932,489 北投區,秀山段二小段374地號等土地,臺北市北投區杏林三路,,113/5/2,,8,8,2,4,,,,66,5,27
933,1776 松山區,美仁段二小段501地號等土地,臺北市松山區八德路三段,,113/5/22,,8,,10,6,6,,,66,10,40
934,522 大同區,大同段一小段541地號等土地,臺北市大同區大龍街,,113/5/28,,8,8,2,6,6,,,66,4.5,34.5
935,133 士林區,三玉段四小段303地號等土地,臺北市士林區士東路,,113/6/24,,8,,4,,,,,66,2,14
,,,臺北市大同區西寧北路、南京,,,,,,,,,,,66,,
936,1159.62 大同區,迪化段三小段343-8地號等土地,,,113/6/25,,8,,10,6,6,,,66,8.5,38.5
,,,西路、迪化街一段,,,,,,,,,,,66,,
937,568 中正區,福和段二小段667地號等土地,臺北市中正區汀洲路三段,,113/6/27,,8,,,,,,,66,6.5,14.5
數,,,,原容大於法,,,7綠,,,,+規,,,67,,
,,,,構評,地退,震設,,慧建,障礙,贈公,,總獎勵額度,,67,,
,,,容3,,,,建築,,,,模獎,,,67,,
,,,,估,縮,計,,築,設計,設地,,,,67,,
,,,,,,,,,,,勵,,,67,,
938,1494 中山區,榮星段六小段122-2地號等土地 臺北市中山區民生東路二段,113/6/27,8,,10,8,8,,,10,40,,67,,
939,247 北投區,振興段三小段969-1地號等土地 臺北市北投區懷德街,113/7/1,8,,2,4,4,3,,4,25,,67,,
940,297 內湖區,康寧段一小段392地號等土地臺北市內湖區大湖街,113/7/8,6,8,10,6,,,,4,34,,67,,
941,390 士林區,天山段二小段320-3地號等土地 臺北市士林區天母東路,113/7/11,8,,10,6,6,,,4.5,34.5,,67,,
942,186 北投區,新民段三小段386-1地號等土地 臺北市北投區復興一路,113/7/18,6,,,,,,,2,8,,67,,
943,112 士林區,光華段三小段431地號等土地臺北市士林區文林路,113/7/18,8,,10,4,4,3,,2,31,,67,,
,,臺北市大同區重慶北路二段、,,,,,,,,,,,,67,,
944,352 大同區,雙連段三小段706地號等土地,113/7/18,8,,10,6,6,,,4.5,34.5,,67,,
,,歸綏街,,,,,,,,,,,,67,,
,,,,,,,,,,,,59.05%,,67,,
945,809.06 中山區,正義段一小段287地號等土地臺北市中山區長安東路一段,113/7/23,657.078,,2,6,6,3,,7,,,67,,
,,,,,,,,,,,,原容1.15,,67,,
946,86 士林區,蘭雅段一小段122地號等土地臺北市士林區克強路,113/7/26,8,,,,,,,2,10,,67,,
947,160 文山區,博嘉段三小段608地號等土地臺北市文山區和平東路四段,113/8/8,8,,2,6,,,,2,18,,67,,
,,台北市中正區寶慶路、延平南,,,,,,,,,,,,67,,
948,3660 中正區,城中段三小段23地號等土地,遠東百貨113/8/8,8,,,,,,,10,18,,67,,
,,路,,,,,,,,,,,,67,,
949,332 大安區,通化段三小段535地號等土地臺北市大安區樂利路,113/8/8,8,8,4,6,,4,,4.5,34.5,,67,,
950,601 大同區,文昌段二小段214地號等土地臺北市大同區重慶北路三段,114/4/10,8,,10,6,6,,,5,35,,67,,
951,200 大同區,大同段一小段408地號等土地台北市大同區承德路三段,113/8/14,8,,,,,,,4,12,,67,,
,,,,,,,,容積獎勵項目及額度(%)-依核准函為準,,,,,,68,,
案件,,,,,,,,,,,,,,68,時程,
,基地面積(㎡)行政區,地段地號,門牌地址,備註,核准日期,,4結,5基,6耐,,8智,9無,10捐,68,,
數,,,,,,原容大於法,,,,7綠,,,,68,+規,
,,,,,,,構評,地退,震設,,慧建,障礙,贈公,68,,總獎勵額度
,,,,,,容3,,,,建築,,,,68,模獎,
,,,,,,,估,縮,計,,築,設計,設地,68,,
,,,,,,,,,,,,,,68,勵,
952,301 內湖區,康寧段一小段411地號等土地,臺北市內湖區大湖街,,113/8/20,,8,8,4,4,6,,,68,3,33
953,1652 內湖區,東湖段六小段240地號等土地,臺北市內湖區康寧段三段,,113/8/22,,8,8,2,6,6,,,68,8,38
954,166.2 文山區,木柵段一小段772地號等土地,臺北市文山區久康街,,113/9/4,,8,,2,6,,,,68,2,18
,,,臺北市北投區自強街、承德路,,,,,,,,,,,68,,
955,1550.24 北投區,文林段五小段286地號等土地,,,113/9/10,,8,8,10,6,,,,68,10,40
,,,七段,,,,,,,,,,,68,,
956,1023 萬華區,青年段一小段66地號等土地,臺北市萬華區水源路,,113/9/18,,8,8,10,6,,,,68,8,38
957,283 大安區,復興段三小段387地號等土地,臺北市大安區信義路四段,,113/9/18,,8,,10,6,6,,,68,4,34
958,188.03 北投區,行義段二小段170地號等土地,臺北市北投區行義路,,113/9/22,,8,,,,,,,68,2,10
959,728 文山區,興安段三小段230地號等土地,臺北市景華街,,113/9/27,,8,8,4,6,6,,,68,6.5,36.5
960,597 文山區,景美段三小段143地號等土地,臺北市文山區景美街,,113/9/27,,8,,10,6,6,,,68,5.5,33.6
961,886 萬華區,福星段二小段363地號等土地,臺北市萬華區西寧南路,,113/9/27,,8,,10,6,6,,,68,7,37
962,377 大安區,仁愛段三小段579地號等土地,臺北市大安區安和路一段,,113/9/27,,8,8,4,,6,4,,68,3.5,33.5
963,452 中山區,長安段一小段338地號等土地,臺北市中山區遼寧街,,113/10/7,,8,8,4,6,,4,,68,5,35
964,179 信義區,三興段三小段203地號等土地,臺北市信義區嘉興街,,113/10/8,,8,,10,4,4,,,68,2,28
,,,臺北市中正區延平南路、貴陽,,,,,,,,,,,68,,
965,6848 中正區,城中段三小段32-2地號等土地,,,113/10/24,,8,,,,,,,68,10,18
,,,街一段,,,,,,,,,,,68,,
,,,,,,,,容積獎勵項目及額度(%)-依核准函為準,,,,,,69,,
案件,,,,,,,,,,,,,,69,時程,
,基地面積(㎡)行政區,地段地號,門牌地址,備註,核准日期,,4結,5基,6耐,,8智,9無,10捐,69,,
數,,,,,,原容大於法,,,,7綠,,,,69,+規,
,,,,,,,構評,地退,震設,,慧建,障礙,贈公,69,,總獎勵額度
,,,,,,容3,,,,建築,,,,69,模獎,
,,,,,,,估,縮,計,,築,設計,設地,69,,
,,,,,,,,,,,,,,69,勵,
966,1278 中正區,公園段三小段173地號等土地,臺北市中正區重慶南路一段,,113/10/29,,8,,10,6,6,,,69,8,38
967,317 松山區,寶清段七小段340地號等土地,臺北市松山區饒河街,,113/11/5,,8,,10,,,,,69,4.5,22.5
968,359 大安區,懷生段一小段86地號等土地,台北市大安區安東街,,113/11/14,,6,8,10,6,,,,69,6.5,36.5
969,1018 萬華區,直興段一小段76地號等土地,臺北市萬華區康定路,,113/11/18,,8,,10,,,,,69,8,26
970,202.34 北投區,振興段三小段321地號等土地,臺北市北投區懷寧街,,113/11/18,,8,,2,6,4,,,69,4,24
971,176 北投區,奇岩段三小段16地號等土地,臺北市北投區公館路,,113/11/21,,8,,2,6,4,,,69,1,21
972,238 大安區,大安段一小段89地號等土地,臺北市大安區四維路,,113/11/26,,8,,10,8,,,,69,4,30
973,788 中山區,吉林段四小段8地號等土地,臺北市中山區民生東路二段,,113/12/4,,8,8,10,6,,,,69,6.5,36.5
974,362 士林區,至善段三小段414地號等土地,臺北市士林區至善路二段,,113/12/4,,8,8,4,6,4,,,69,3.5,33.5
975,177 中山區,長安段三小段588地號等土地,臺北市中山區吉林路,,113/12/4,,8,,10,6,6,,,69,1,31
,,,,,,,,,,,,,,69,,116.41%
976,353 中山區,吉林段三小段382地號等土地,臺北市中山區吉林路,,113/12/11,1468.67,8,,10,6,,4,,69,3.5,
,,,,,,,,,,,,,,69,,原容1.15
977,301 文山區,興隆段三小段1-47地號等土地,臺北市文山區萬盛街,,113/12/16,,8,,,,,,,69,3.5,11.5
978,120 士林區,陽明段一小段485地號等土地,臺北市士林區中山北路五段,,113/12/16,,8,,10,,,,,69,1.89,19.89
,,,,,,,,,,,,,,69,,180.51%
979,459 中山區,德惠段二小段39地號等土地,臺北市中山區德惠街,,113/12/16,1576.18,8,8,2,6,,,,69,5,
,,,,,,,,,,,,,,69,,原容1.15
,,,,,,,,容積獎勵項目及額度(%)-依核准函為準,,,,,,70,,
案件,,,,,,,,,,,,,,70,時程,
,基地面積(㎡)行政區,地段地號,門牌地址,備註,核准日期,,4結,5基,6耐,,8智,9無,10捐,70,,
數,,,,,,原容大於法,,,,7綠,,,,70,+規,
,,,,,,,構評,地退,震設,,慧建,障礙,贈公,70,,總獎勵額度
,,,,,,容3,,,,建築,,,,70,模獎,
,,,,,,,估,縮,計,,築,設計,設地,70,,
,,,,,,,,,,,,,,70,勵,
980,780 信義區,吳興段二小段828地號等土地,臺北市信義區吳興街,,113/12/24,,8,8,10,6,,,,70,6.5,36.5
981,1163 萬華區,直興段二小段261地號等土地,臺北市萬華區西園路一段,,114/1/9,,8,,10,6,6,,,70,8.5,38.5
982,609.16 文山區,興隆段一小段2-1地號等土地,臺北市文山區福興路,,114/1/15,,6,10,10,,,4,,70,4.5,34.5
,,,臺北市中山區南京東路二段、,,,,,,,,,,,70,,
983,453 中山區,吉林段五小段201地號等土地,,,114/1/17,,8,8,10,4,,,,70,5,35
,,,新生北路二段,,,,,,,,,,,70,,
984,313 北投區,秀山段一小段142地號等土地,臺北市北投區中和街,,114/1/17,,8,8,4,6,4,,,70,3.5,33.5
985,982.73 北投區,立農段四小段14地號等土地,臺北市北投區吉利街,,114/1/21,,8,10,10,,,3,,70,9,39
986,388.72 士林區,永新段四小段48-1地號等土地,臺北市士林區社中街,,114/2/11,10,8,,10,,,,,70,4.5,32.5
987,400 士林區,三玉段四小段524地號等土地,臺北市士林區中山北路六段,,114/2/19,,8,,,,,,,70,4,12
988,251 中正區,成功段二小段65地號等土地,臺北市中正區青島東路,,114/3/3,,8,,10,6,4,3,,70,3,33
989,488.23 士林區,天玉段一小段67地號等土地,台北市士林區中山北路七段,,114/3/10,,6,,2,6,6,3,,70,5,28
990,517 萬華區,華中段二小段140地號等土地,臺北市萬華區寶興街,,114/3/10,,8,10,2,6,,4,,70,5.5,35.5
991,118 松山區,寶清段五小段121地號等土地,臺北市松山區南京東路五段,,114/3/10,,8,,2,2,,,,70,1,13
992,244 內湖區,碧湖段三小段253地號等土地,臺北市內湖區麗山街,,114/3/10,,8,,10,6,6,,,70,3,33
993,1053 信義區,吳興段三小段164地號等土地,臺北市信義區松仁路,,114/3/11,,8,8,2,6,6,,,70,8,38
數,,,,原容大於法,,,,7綠,,,,+規,,71,,
,,,,,構評,地退,震設,,慧建,障礙,贈公,,總獎勵額度,71,,
,,,,容3,,,,建築,,,,模獎,,71,,
,,,,,估,縮,計,,築,設計,設地,,,71,,
,,,,,,,,,,,,勵,,71,,
994,400 內湖區,康寧段一小段93-14地號等土地 臺北市內湖區大湖山莊街,114/3/14,,8,8,4,6,4,,,4,34,71,,
995,776.96 松山區,民生段64-2地號等土地臺北市松山區民生東路五段,114/3/25,,8,10,2,6,,4,,6.5,36.5,71,,
996,820.38 北投區,行義段一小段254地號等土地臺北市北投區行義路,114/3/25,,8,8,2,6,6,,,6,36,71,,
997,341 內湖區,康寧段一小段321地號等土地臺北市內湖區大湖街,114/3/25,,8,8,10,,,4,,3.5,33.5,71,,
998,2081 信義區,犁和段二小段470地號等土地台北市信義區富陽街,114/4/10,,8,10,10,6,,,,10,40,71,,
999,708 大同區,市府段三小段601地號等土地台北市大同區重慶北路一段,114/4/16,,8,,10,6,6,,,6.5,36.5,71,,
1000,1297 文山區,政大段四小段254地號等土地臺北市文山區新光路一段,114/4/17,,8,8,2,6,6,,,9,39,71,,
1001,527 信義區,祥和段四小段423-4地號等土地 台北市信義區青雲街,114/4/18,,8,,6,,,,,4.5,18.5,71,,
1002,258 信義區,永吉段二小段773地號等土地臺北市信義區永吉路,114/4/23,,8,,10,8,4,,,3,33,71,,
1003,110 中山區,中山段三小段230地號等土地臺北市中山區中山北路二段,114/5/5,,8,,10,6,6,,,1,31,71,,
1004,943 萬華區,福星段四小段40地號等土地臺北市萬華區武昌街二段,114/5/19,,8,,4,6,6,,,7.5,31.5,71,,
1005,659 中正區,福和段一小段46地號等土地臺北市中正區汀洲路三段,114/5/19,,6,8,10,6,,,,4.5,34.5,71,,
,,,,,,,,,,,,,61.52%,71,,
1006,289 中山區,德惠段三小段583地號等土地臺北市中山區新生北路三段,114/5/22,887.73,8,8,2,4,,,,3,,71,,
,,,,,,,,,,,,,原容1.15,71,,
1007,260 中正區,公園段二小段168地號等土地臺北市中正區南陽街,114/6/3,,8,,10,4,4,,,3,29,71,,
數,,,,,原容大於法,,,,7綠,,,,+規,72,,
,,,,,,構評,地退,震設,,慧建,障礙,贈公,,72,總獎勵額度,
,,,,,容3,,,,建築,,,,模獎,72,,
,,,,,,估,縮,計,,築,設計,設地,,72,,
,,,,,,,,,,,,,勵,72,,
1008,288 大同區,延平段一小段193地號等土地,臺北市大同區涼州街,114/6/3,,8,,10,6,6,,,3,72,33,
1009,509 大同區,延平段二小段977地號等土地,臺北市大同區環河北路一段,114/6/13,,8,,10,6,6,,,4.5,72,34.5,
1010,338 內湖區,康寧段一小段264地號等土地,臺北市內湖區大湖街,114/6/17,,8,,4,4,,,,3.5,72,19.5,
1011,503 中正區,公園段二小段592地號等土地,臺北市中正區重慶南路一段,114/6/18,,8,,4,6,6,3,,4.5,72,31.5,
1012,2087.82 士林區,至善段二小段377地號等土地,臺北市士林區至善路二段,114/7/2,,6,10,,,,,,10,72,26,
1013,576 北投區,新民段四小段208地號等土地,臺北市北投區幽雅路,114/7/9,,8,8,4,6,,4,,7.5,72,37.5,
1014,251 大同區,雙連段二小段660地號等土地,臺北市大同區寧夏街,114/7/9,,8,,10,4,4,3,,3,72,32,
1015,596 大安區,仁愛段六小段118地號等土地,臺北市大安區延吉街,114/7/10,,8,,10,4,6,3,,8,72,38,
1016,156 萬華區,莒光段二小段357地號等土地,臺北市艋舺大道,114/7/10,,8,,,,,,,1,72,9,
1017,313 內湖區,康寧段一小段3地號等土地,臺北市內湖區大湖山莊街,114/7/10,,8,,10,4,4,4,,3.5,72,33.5,
1018,169 大安區,復興段三小段652地號等土地,臺北市大安區復興南路一段,114/7/31,,8,,2,8,4,,,1,72,23,
,,,臺北市大安區忠孝東路四段、,,,,,,,,,,,72,,
1019,268 大安區,仁愛段六小段300地號等土地,,114/8/8,,8,,10,8,4,,,3,72,33,
,,,敦化南路一段,,,,,,,,,,,72,,
1020,430 中正區,南海段一小段354地號等土地,臺北市中正區羅斯福路一段,114/8/8,,8,,10,,,,,4,72,22,
1021,2739 士林區,陽明段三小段468地號等土地,臺北市士林區中正路,114/8/15,,8,10,10,6,,,,10,72,40,
,,,,,,,,容積獎勵項目及額度(%)-依核准函為準,,,,,,73,,
案件,,,,,,,,,,,,,,73,時程,
基地面積(㎡),行政區,地段地號,門牌地址,備註,核准日期,,4結,5基,6耐,,8智,9無,10捐,73,,
數,,,,,,原容大於法,,,,7綠,,,,73,+規,
,,,,,,,構評,地退,震設,,慧建,障礙,贈公,73,,總獎勵額度
,,,,,,容3,,,,建築,,,,73,模獎,
,,,,,,,估,縮,計,,築,設計,設地,73,,
,,,,,,,,,,,,,,73,勵,
1022,293.11 中正區,公園段二小段80地號等土地,臺北市中正區南陽街,,114/8/27,,8,,10,6,4,,2.41,73,3,33
1023,809 大同區,玉泉段二小段600地號等土地,臺北市大同區貴德街,,114/8/27,,8,8,2,6,6,,,73,6,36
1024,703 大安區,瑞安段二小段700地號等土地,臺北市大安區復興南路二段,,114/8/27,,8,,10,6,6,,,73,5.5,35.5
,,,臺北市大同區天水路、南京西,,,,,,,,,,,73,,
1025,237 大同區,玉泉段一小段123地號等土地,,,114/8/29,,8,,4,4,,3,1.35,73,3,23.35
,,,路,,,,,,,,,,,73,,
1026,767 大安區,辛亥段六小段28-1地號等土地,臺北市大安區和平東路三段,,114/9/1,,8,8,10,6,,,,73,5.5,35.5
1027,280 信義區,吳興段三小段23地號等土地,臺北市信義區景雲街,,114/9/1,,8,8,2,8,4,,,73,2,32
1028,282.64 信義區,雅祥段二小段265地號等土地,臺北市信義區永吉路,,114/9/5,,8,,2,,,,,73,1,11
1029,211 士林區,永平段二小段102地號等土地,臺北市士林區延平北路六段,,114/9/8,,8,,10,6,,,,73,3,27
1030,204 松山區,延吉段一小段227地號等土地,臺北市松山區八德路三段,,114/9/9,,8,,10,6,4,,5,73,3,31
1031,407 中山區,長安段四小段324地號等土地,臺北市中山區松江路,,114/9/18,,8,8,10,4,,,,73,4,34
1032,1567 大安區,辛亥段六小段26-21地號等土地 臺北市大安區富陽街,,,114/9/18,,8,8,10,6,,,,73,9.5,39.5
1033,580 內湖區,碧湖段三小段87地號等土地,臺北市內湖區內湖路二段,,114/9/18,,8,10,10,,,,,73,4.5,32.5
1034,225 大安區,龍泉段一小段657地號等土地,臺北市大安區溫州街,,114/9/18,,8,,10,6,6,,,73,3,33
1035,378 大安區,龍泉段一小段896地號等土地,臺北市大安區羅斯福路三段,,114/9/18,,8,,10,6,,,5,73,1,30
數,,,,,原容大於法,,,7綠,,,,+規,,74,,
,,,,,構評,地退,震設,,慧建,障礙,贈公,,總獎勵額度,74,,
,,,,容3,,,,建築,,,,模獎,,74,,
,,,,,估,縮,計,,築,設計,設地,,,74,,
,,,,,,,,,,,,勵,,74,,
1036,531 中正區,公園段二小段202地號等土地,臺北市中正區信陽街,114/9/22,8,,10,6,4,,3.5,3.5,33.5,74,,
1037,1113 大同區,延平段一小段745地號等土地,臺北市大同區民生西路,114/10/9,8,,10,6,6,,,7.5,37.5,74,,
,,,臺北市萬華區貴陽街二段、西,,,,,,,,,,,74,,
1038,523 萬華區,直興段三小段111地號等土地,,114/10/9,8,,10,6,6,,,4.5,34.5,74,,
,,,園路一段,,,,,,,,,,,74,,
1039,646 中山區,正義段一小段296地號等土地,臺北市中山區林森北路,114/10/13,8,8,10,6,,,,5,35,74,,
1040,768 萬華區,直興段三小段243地號等土地,臺北市萬華區西園路一段,114/10/14,8,,10,6,6,,,5.5,35.5,74,,
1041,400.41 信義區,吳興段三小段36地號等土地,臺北市信義區吳興街,114/11/3,8,10,2,6,4,,,4,34,74,,
,,,臺北市北投區知行路、大度路,,,,,,,,,,,74,,
1042,394.79 北投區,關渡段三小段243地號等土地,,114/11/3,8,8,2,6,6,,,3.5,33.5,74,,
,,,三段,,,,,,,,,,,74,,
1043,255 士林區,至善段五小段378地號等土地,臺北市士林區至善路,114/11/7,6,8,2,6,6,,,6,34,74,,
1044,246 北投區,奇岩段三小段447地號等土地,臺北市北投區公館路,114/11/7,8,,,,,,,2,10,74,,
1045,248 中山區,吉林段三小段789地號等土地,臺北市中山區民生東路二段,114/11/17,8,,10,4,,5,2.03,4,33.026,74,,
1046,1194 大安區,仁愛段五小段219-6地號等土地 臺北市大安區光復南路,,114/11/17,8,10,10,6,,,,6.5,36.5,74,,
1047,413 士林區,永平段四小段705地號等土地,臺北市士林區延平北路六段,114/11/20,8,8,2,,,,,5,23,74,,
1048,291 松山區,敦化段一小段308地號等土地,臺北市松山區興安街,114/11/21,8,8,10,4,,,,3,33,74,,
1049,745 大安區,仁愛段五小段219-5地號等土地 臺北市大安區光復南路,,114/11/28,8,10,10,6,,,,4.5,34.5,74,,
